MetabolitesIDTable: UPLC-MS/MS metabolites in serum,,,,,,
Compounds in column B for which no authentic standards were available for confirmation are marked with * after the compound name to designate these as Metabolomics Standards Initiative level 2/3,,,,,,
"Metabolites were assigned to pathways based on three publicly available key chemical information resources: PubChem, HMDB and KEGG",,,,,,
,,,,,,
Metabolite_ID,Metabolite,SuperPathway,SubPathway,HMDB,KEGG,PUBCHEM
35,S-1-pyrroline-5-carboxylate,Amino Acid,Glutamate Metabolism,HMDB0001301,C04322,11966181
50,spermidine,Amino Acid,Polyamine Metabolism,HMDB0001257,C00315,1102
55,1-methylnicotinamide,Cofactors and Vitamins,Nicotinate and Nicotinamide Metabolism,HMDB0000699,C02918,457
62,"12,13-DiHOME",Lipid,"Fatty Acid, Dihydroxy",HMDB0004705,C14829,10236635
93,alpha-ketoglutarate,Energy,TCA Cycle,HMDB0000208,C00026,51
98,kynurenate,Amino Acid,Tryptophan Metabolism,HMDB0000715,C01717,3845
111,3-hydroxyisobutyrate,Amino Acid,"Leucine, Isoleucine and Valine Metabolism","HMDB0000023,HMDB0000336","C01188,C06001",11966314
112,3-hydroxy-3-methylglutarate,Lipid,Mevalonate Metabolism,HMDB0000355,C03761,16625459993
117,homovanillate (HVA),Amino Acid,Tyrosine Metabolism,HMDB0000118,C05582,1738
136,cholate,Lipid,Primary Bile Acid Metabolism,HMDB0000619,C00695,221493
144,4-hydroxyphenylacetate,Amino Acid,Phenylalanine Metabolism,HMDB0000020,C00642,127
158,"5,6-dihydrothymine",Nucleotide,"Pyrimidine Metabolism, Thymine containing",HMDB0000079,C00906,93556
171,hypoxanthine,Nucleotide,"Purine Metabolism, (Hypo)Xanthine/Inosine containing",HMDB0000157,C00262,7.90135E+11
179,"9,10-DiHOME",Lipid,"Fatty Acid, Dihydroxy",HMDB0004704,C14828,9966640
180,linoleate (18:2n6),Lipid,Long Chain Polyunsaturated Fatty Acid (n3 and n6),"HMDB0006270,HMDB0000673",C01595,5280450
181,laurate (12:0),Lipid,Medium Chain Fatty Acid,HMDB0000638,C02679,3893
182,quinolinate,Cofactors and Vitamins,Nicotinate and Nicotinamide Metabolism,HMDB0000232,C03722,1066
187,N('1)-acetylspermidine,Amino Acid,Polyamine Metabolism,HMDB0001276,C00612,496
189,"N6,N6,N6-trimethyllysine",Amino Acid,Lysine Metabolism,HMDB0001325,C03793,440120
192,N-acetylputrescine,Amino Acid,Polyamine Metabolism,HMDB0002064,C02714,122356
194,N-formylmethionine,Amino Acid,"Methionine, Cysteine, SAM and Taurine Metabolism",HMDB0001015,C03145,439750
209,adenosine 5'-monophosphate (AMP),Nucleotide,"Purine Metabolism, Adenine containing",HMDB0000045,C00020,6083
212,5-methylthioadenosine (MTA),Amino Acid,Polyamine Metabolism,HMDB0001173,C00170,439176
229,arachidonate (20:4n6),Lipid,Long Chain Polyunsaturated Fatty Acid (n3 and n6),HMDB0001043,C00219,444899
231,arginine,Amino Acid,Urea cycle; Arginine and Proline Metabolism,HMDB0000517,C00062,6322
234,aspartate,Amino Acid,Alanine and Aspartate Metabolism,HMDB0000191,C00049,5960
240,3-(4-hydroxyphenyl)lactate,Amino Acid,Tyrosine Metabolism,HMDB0000755,C03672,9378
241,phenylpyruvate,Amino Acid,Phenylalanine Metabolism,HMDB0000205,C00166,997
244,beta-alanine,Nucleotide,"Pyrimidine Metabolism, Uracil containing",HMDB0000056,C00099,239
250,biliverdin,Cofactors and Vitamins,Hemoglobin and Porphyrin Metabolism,HMDB0001008,C00500,5280353
252,succinate,Energy,TCA Cycle,HMDB0000254,C00042,1110
254,3-hydroxybutyrate (BHBA),Lipid,Ketone Bodies,"HMDB0000442,HMDB0000357,HMDB0000011","C03197,C01089",9.43184E+12
266,cholesterol,Lipid,Sterol,HMDB0000067,C00187,5.99764E+18
267,choline phosphate,Lipid,Phospholipid Metabolism,HMDB0001565,C00588,1014
272,corticosterone,Lipid,Corticosteroids,HMDB0001547,C02140,5753
273,cortisone,Lipid,Corticosteroids,HMDB0002802,C00762,222786
275,creatinine,Amino Acid,Creatine Metabolism,HMDB0000562,C00791,588
278,cysteinylglycine,Amino Acid,Glutathione Metabolism,HMDB0000078,C01419,439498
279,cystine,Amino Acid,"Methionine, Cysteine, SAM and Taurine Metabolism",HMDB0000192,C00491,67678
297,sphingosine,Lipid,Sphingosines,HMDB0000252,C00319,5280335
310,cystathionine,Amino Acid,"Methionine, Cysteine, SAM and Taurine Metabolism",HMDB0000099,C02291,439258
313,sphinganine,Lipid,Sphingolipid Synthesis,HMDB0000269,C00836,3126
314,behenate (22:0)*,Lipid,Long Chain Saturated Fatty Acid,HMDB0000944,C08281,8215
330,fumarate,Energy,TCA Cycle,HMDB0000134,C00122,444972
331,gamma-glutamylglutamate,Peptide,Gamma-glutamyl Amino Acid,HMDB0011737,C05282,92865
338,gluconate,Xenobiotics,Food Component/Plant,HMDB0000625,C00257,1.06903E+11
339,glutarate (C5-DC),Lipid,"Fatty Acid, Dicarboxylate",HMDB0000661,C00489,7434418048
340,glycine,Amino Acid,"Glycine, Serine and Threonine Metabolism",HMDB0000123,C00037,750
342,glycocholate,Lipid,Primary Bile Acid Metabolism,HMDB0000138,C01921,10140
344,guanidinoacetate,Amino Acid,Creatine Metabolism,HMDB0000128,C00581,763
355,histidine,Amino Acid,Histidine Metabolism,HMDB0000177,C00135,6274
356,cortisol,Lipid,Corticosteroids,HMDB0000063,C00735,5754
358,hypotaurine,Amino Acid,"Methionine, Cysteine, SAM and Taurine Metabolism",HMDB0000965,C00519,107812
361,inosine,Nucleotide,"Purine Metabolism, (Hypo)Xanthine/Inosine containing",HMDB0000195,C00294,6021
363,myo-inositol,Lipid,Inositol Metabolism,HMDB0000211,C00137,892
376,isoleucine,Amino Acid,"Leucine, Isoleucine and Valine Metabolism",HMDB0000172,"C06418,C00407,C16424",6306
381,2-aminoadipate,Amino Acid,Lysine Metabolism,HMDB0000510,C00956,92136
391,citrulline,Amino Acid,Urea cycle; Arginine and Proline Metabolism,HMDB0000904,C00327,9750
397,leucine,Amino Acid,"Leucine, Isoleucine and Valine Metabolism",HMDB0000687,C00123,6106
407,lysine,Amino Acid,Lysine Metabolism,HMDB0003405,"C00739,C00047",5962
409,malate,Energy,TCA Cycle,"HMDB0031518,HMDB0000156,HMDB0000744","C00149,C00711,C00497",525
415,methionine,Amino Acid,"Methionine, Cysteine, SAM and Taurine Metabolism",HMDB0000696,C00073,6137
418,methylmalonate (MMA),Lipid,Fatty Acid Metabolism (also BCAA Metabolism),HMDB0000202,C02170,487
424,palmitate (16:0),Lipid,Long Chain Saturated Fatty Acid,HMDB0000220,C00249,985
432,nicotinamide,Cofactors and Vitamins,Nicotinate and Nicotinamide Metabolism,HMDB0001406,C00153,936
439,stearate (18:0),Lipid,Long Chain Saturated Fatty Acid,HMDB0000827,C01530,5281
444,ornithine,Amino Acid,Urea cycle; Arginine and Proline Metabolism,HMDB0000214,C00077,6262
445,orotate,Nucleotide,"Pyrimidine Metabolism, Orotate containing",HMDB0000226,C00295,967
452,palmitoleate (16:1n7),Lipid,Long Chain Monounsaturated Fatty Acid,HMDB0003229,C08362,445638
460,phenylalanine,Amino Acid,Phenylalanine Metabolism,HMDB0000159,C00079,6140
461,phosphate,Energy,Oxidative Phosphorylation,HMDB0001429,C00009,1061
466,phytanate,Xenobiotics,Food Component/Plant,HMDB0000801,C01607,26840
480,proline,Amino Acid,Urea cycle; Arginine and Proline Metabolism,"HMDB0000162,HMDB0003411","C00148,C000763",8.98815E+12
482,lactate,Carbohydrate,"Glycolysis, Gluconeogenesis, and Pyruvate Metabolism",HMDB0000190,C00186,612
491,pyridoxal,Cofactors and Vitamins,Vitamin B6 Metabolism,HMDB0001545,C00250,1050
498,retinol (vitamin A),Cofactors and Vitamins,Vitamin A Metabolism,HMDB0000305,C00473,445354
501,salicylate,Xenobiotics,Drug - Topical Agents,HMDB0001895,C00805,338
503,serine,Amino Acid,"Glycine, Serine and Threonine Metabolism",HMDB0000187,C00065,5951
504,serotonin,Amino Acid,Tryptophan Metabolism,HMDB0000259,C00780,5202
512,taurine,Amino Acid,"Methionine, Cysteine, SAM and Taurine Metabolism",HMDB0000251,C00245,1123
519,myristate (14:0),Lipid,Long Chain Saturated Fatty Acid,HMDB0000806,C06424,11005
533,urea,Amino Acid,Urea cycle; Arginine and Proline Metabolism,HMDB0000294,C00086,1176
535,uridine,Nucleotide,"Pyrimidine Metabolism, Uracil containing",HMDB0000296,C00299,6029
536,2'-deoxyuridine,Nucleotide,"Pyrimidine Metabolism, Uracil containing",HMDB0000012,C00526,13712
537,trans-urocanate,Amino Acid,Histidine Metabolism,HMDB0000301,C00785,736715
561,glutamate,Amino Acid,Glutamate Metabolism,HMDB0000148,"C00025,C00217",33032
563,glutamine,Amino Acid,Glutamate Metabolism,HMDB0000641,C00064,5961
564,threonine,Amino Acid,"Glycine, Serine and Threonine Metabolism",HMDB0000167,C00188,6288
565,tryptophan,Amino Acid,Tryptophan Metabolism,HMDB0000929,C00078,6305
566,valine,Amino Acid,"Leucine, Isoleucine and Valine Metabolism",HMDB0000883,C00183,6287
572,glucose,Carbohydrate,"Glycolysis, Gluconeogenesis, and Pyruvate Metabolism",HMDB0000122,C00031,5793
796,alpha-ketobutyrate,Amino Acid,"Methionine, Cysteine, SAM and Taurine Metabolism",HMDB0000005,C00109,58
799,betaine,Amino Acid,"Glycine, Serine and Threonine Metabolism",HMDB0000043,C00719,247
800,cysteine,Amino Acid,"Methionine, Cysteine, SAM and Taurine Metabolism",HMDB0000574,C00097,5862
803,mannose,Carbohydrate,"Fructose, Mannose and Galactose Metabolism",HMDB0000169,"C00159,C02209,C00936",8.23084E+21
806,dimethylglycine,Amino Acid,"Glycine, Serine and Threonine Metabolism",HMDB0000092,C03626,673
811,alanine,Amino Acid,Alanine and Aspartate Metabolism,HMDB0000161,C00041,5950
815,tyrosine,Amino Acid,Tyrosine Metabolism,HMDB0000158,C00082,6057
818,malonate,Lipid,Fatty Acid Synthesis,HMDB0000691,C00383,867
821,pseudouridine,Nucleotide,"Pyrimidine Metabolism, Uracil containing",HMDB0000767,C02067,15047
823,pyruvate,Carbohydrate,"Glycolysis, Gluconeogenesis, and Pyruvate Metabolism",HMDB0000243,C00022,1060
825,uracil,Nucleotide,"Pyrimidine Metabolism, Uracil containing",HMDB0000300,C00106,1174
848,cotinine,Xenobiotics,Tobacco Metabolite,HMDB0001046,,408
849,caffeine,Xenobiotics,Xanthine Metabolism,HMDB0001847,C07481,2519
878,fructose,Carbohydrate,"Fructose, Mannose and Galactose Metabolism",HMDB0000660,C00095,2723872
880,adenine,Nucleotide,"Purine Metabolism, Adenine containing",HMDB0000034,C00147,190
881,cytosine,Nucleotide,"Pyrimidine Metabolism, Cytidine containing",HMDB0000630,C00380,597
888,caprate (10:0),Lipid,Medium Chain Fatty Acid,HMDB0000511,C01571,2969
891,margarate (17:0),Lipid,Long Chain Saturated Fatty Acid,HMDB0002259,,10465
892,nonadecanoate (19:0),Lipid,Long Chain Saturated Fatty Acid,HMDB0000772,C16535,12591
893,arachidate (20:0),Lipid,Long Chain Saturated Fatty Acid,HMDB0002212,C06425,10467
917,asparagine,Amino Acid,Alanine and Aspartate Metabolism,HMDB0000168,C00152,6267
922,N-stearoyl-sphinganine (d18:0/18:0)*,Lipid,Dihydroceramides,HMDB0011761,,5283573
923,dihydroorotate,Nucleotide,"Pyrimidine Metabolism, Orotate containing",HMDB03349,C00337,648
925,heptanoate (7:0),Lipid,Medium Chain Fatty Acid,HMDB0000666,C17714,8094
926,caproate (6:0),Lipid,Medium Chain Fatty Acid,HMDB0000535,C01585,8892
932,caprylate (8:0),Lipid,Medium Chain Fatty Acid,HMDB0000482,C06423,379
935,sucrose,Carbohydrate,Disaccharides and Oligosaccharides,HMDB0000258,C00089,5988
980,pentadecanoate (15:0),Lipid,Long Chain Saturated Fatty Acid,HMDB0000826,C16537,13849
1001,trans-4-hydroxyproline,Amino Acid,Urea cycle; Arginine and Proline Metabolism,HMDB0000725,C01157,5810
1002,allantoin,Nucleotide,"Purine Metabolism, (Hypo)Xanthine/Inosine containing",HMDB0000462,"C02348,C01551,C02350",4.39714E+14
1004,xanthine,Nucleotide,"Purine Metabolism, (Hypo)Xanthine/Inosine containing",HMDB0000292,C00385,1188
1021,5-oxoproline,Amino Acid,Glutathione Metabolism,HMDB0000267,"C02237,C01879",4396857405
1022,picolinate,Amino Acid,Tryptophan Metabolism,HMDB0002243,C10164,1018
1023,sarcosine,Amino Acid,"Glycine, Serine and Threonine Metabolism",HMDB0000271,C00213,1088
1024,pantothenate,Cofactors and Vitamins,Pantothenate and CoA Metabolism,HMDB0000210,C00864,6613
1025,pipecolate,Amino Acid,Lysine Metabolism,HMDB0000070,,
1026,phosphoethanolamine,Lipid,Phospholipid Metabolism,HMDB0000224,C00346,1015
1052,glycerate,Carbohydrate,"Glycolysis, Gluconeogenesis, and Pyruvate Metabolism","HMDB0000139,HMDB0006372",C00258,439194752
1053,3-ureidopropionate,Nucleotide,"Pyrimidine Metabolism, Uracil containing",HMDB0000026,C02642,111
1082,N-acetylleucine,Amino Acid,"Leucine, Isoleucine and Valine Metabolism",HMDB0011756,C02710,70912
1083,N-acetylmethionine,Amino Acid,"Methionine, Cysteine, SAM and Taurine Metabolism",HMDB0011745,C02712,448580
1084,N-acetylvaline,Amino Acid,"Leucine, Isoleucine and Valine Metabolism",HMDB0011757,,66789
1087,erucate (22:1n9),Lipid,Long Chain Monounsaturated Fatty Acid,HMDB0002068,C08316,82165281116
1090,"bilirubin (Z,Z)",Cofactors and Vitamins,Hemoglobin and Porphyrin Metabolism,HMDB0000054,C00486,5280352
1094,thyroxine,Amino Acid,Tyrosine Metabolism,HMDB0000248,C01829,5819
1099,guanosine,Nucleotide,"Purine Metabolism, Guanine containing",HMDB0000133,C00387,6802
1102,gamma-glutamyltyrosine,Peptide,Gamma-glutamyl Amino Acid,HMDB0011741,,94340
1104,methyl indole-3-acetate,Xenobiotics,Food Component/Plant,HMDB0029738,,74706
1105,alpha-tocopherol,Cofactors and Vitamins,Tocopherol Metabolism,HMDB0001893,C02477,86472
1110,N-acetylalanine,Amino Acid,Alanine and Aspartate Metabolism,HMDB0000766,C02847,88064
1111,vanillylmandelate (VMA),Amino Acid,Tyrosine Metabolism,HMDB0000291,C05584,1245
1114,3-aminoisobutyrate,Nucleotide,"Pyrimidine Metabolism, Thymine containing",HMDB0002166,C05145,64956
1124,citrate,Energy,TCA Cycle,HMDB0000094,C00158,311
1125,"5,6-dihydrouracil",Nucleotide,"Pyrimidine Metabolism, Uracil containing",HMDB0000076,C00429,649
1128,2-aminobutyrate,Amino Acid,Glutathione Metabolism,HMDB0000452,C02356,80283
1134,urate,Nucleotide,"Purine Metabolism, (Hypo)Xanthine/Inosine containing",HMDB0000289,C00366,1175
1135,ursodeoxycholate,Lipid,Secondary Bile Acid Metabolism,HMDB0000946,C07880,31401
1137,oleoyl ethanolamide,Lipid,Endocannabinoid,HMDB0002088,,5283454
1140,gamma-glutamylglutamine,Peptide,Gamma-glutamyl Amino Acid,HMDB0011738,C05283,150914
1141,4-hydroxyphenylpyruvate,Amino Acid,Tyrosine Metabolism,HMDB0000707,C01179,979
1143,butyrate/isobutyrate (4:0),Lipid,Short Chain Fatty Acid,HMDB0000039,C00246,264
1161,tigloylglycine,Amino Acid,"Leucine, Isoleucine and Valine Metabolism",HMDB0000959,,6441567
1162,N-acetylneuraminate,Carbohydrate,Aminosugar Metabolism,HMDB0000230,C00270,439197
1206,isocitrate,Energy,TCA Cycle,HMDB0001874,C00451,5318532
1215,N-acetylglucosaminylasparagine,Carbohydrate,Aminosugar Metabolism,HMDB0000489,C04540,123826
1218,acetoacetate,Lipid,Ketone Bodies,HMDB0000060,C00164,96
1221,creatine,Amino Acid,Creatine Metabolism,HMDB0000064,C00300,586
1224,"cys-gly, oxidized",Amino Acid,Glutathione Metabolism,,,333293
1231,dihomo-linoleate (20:2n6),Lipid,Long Chain Polyunsaturated Fatty Acid (n3 and n6),HMDB0005060,C16525,6439848
1235,gamma-glutamylhistidine,Peptide,Gamma-glutamyl Amino Acid,HMDB0029151,,7017195
1239,2-hydroxystearate,Lipid,"Fatty Acid, Monohydroxy",HMDB0062549,"C03042,C03045",4.39887E+16
1242,N1-methyladenosine,Nucleotide,"Purine Metabolism, Adenine containing",HMDB0003331,C02494,27476
1254,glycerol,Lipid,Glycerolipid Metabolism,HMDB0000131,C00116,753
1256,choline,Lipid,Phospholipid Metabolism,HMDB0000097,C00114,305
1258,anthranilate,Amino Acid,Tryptophan Metabolism,HMDB0001123,C00108,227
1261,12-HHTrE,Lipid,Eicosanoid,HMDB0012535,C20388,5283141
1268,gamma-glutamylleucine,Peptide,Gamma-glutamyl Amino Acid,HMDB0011171,,151023
1342,3-methoxytyrosine,Amino Acid,Tyrosine Metabolism,HMDB0001434,,9307
1383,4-acetamidophenol,Xenobiotics,"Drug - Analgesics, Anesthetics",HMDB0001859,C06804,1983
1442,beta-hydroxyisovalerate,Amino Acid,"Leucine, Isoleucine and Valine Metabolism",HMDB0000754,,69362
1489,palmitoyl ethanolamide,Lipid,Endocannabinoid,HMDB0002100,C16512,4671
1518,N-palmitoyl-sphingosine (d18:1/16:0),Lipid,Ceramides,HMDB0004949,,5283564
1526,1-palmitoyl-2-oleoyl-GPE (16:0/18:1),Lipid,Phosphatidylethanolamine (PE),HMDB0005320,,5283496
1528,1-palmitoyl-2-linoleoyl-GPI (16:0/18:2),Lipid,Phosphatidylinositol (PI),HMDB0009784,,46891795
1537,1-palmitoyl-2-linoleoyl-GPC (16:0/18:2),Lipid,Phosphatidylcholine (PC),HMDB0007973,,5287971
1538,stearoyl sphingomyelin (d18:1/18:0),Lipid,Sphingomyelins,HMDB0001348,C00550,6453725
1539,1-palmitoyl-2-oleoyl-GPC (16:0/18:1),Lipid,Phosphatidylcholine (PC),HMDB0007972,C13875,6436017
1547,N-stearoyl-sphingosine (d18:1/18:0)*,Lipid,Ceramides,HMDB0004950,,5283565
1628,glycochenodeoxycholate,Lipid,Primary Bile Acid Metabolism,HMDB0000637,C05466,12544
1629,taurochenodeoxycholate,Lipid,Primary Bile Acid Metabolism,HMDB0000951,C05465,387316
1648,taurocholate,Lipid,Primary Bile Acid Metabolism,HMDB0000036,C05122,6.67547E+11
1869,2-hydroxyhippurate (salicylurate),Xenobiotics,Benzoate Metabolism,HMDB0000840,C07588,10253
2029,azelate (C9-DC),Lipid,"Fatty Acid, Dicarboxylate",HMDB0000784,C08261,2266
2048,3-(N-acetyl-cystein-S-yl) acetaminophen,Xenobiotics,"Drug - Analgesics, Anesthetics",,,83967
2049,4-acetaminophen sulfate,Xenobiotics,"Drug - Analgesics, Anesthetics",HMDB0059911,C06804,83939
2050,eicosapentaenoate (EPA; 20:5n3),Lipid,Long Chain Polyunsaturated Fatty Acid (n3 and n6),HMDB0001999,C06428,446284
2051,methylsuccinate,Amino Acid,"Leucine, Isoleucine and Valine Metabolism",HMDB0001844,,10349
2054,ethylmalonate,Amino Acid,"Leucine, Isoleucine and Valine Metabolism",HMDB0000622,,11756
100000007,carnitine,Lipid,Carnitine Metabolism,HMDB0000062,"C00487,C00308",288
100000008,benzoate,Xenobiotics,Benzoate Metabolism,HMDB0001870,C00180,243
100000010,3-phenylpropionate (hydrocinnamate),Xenobiotics,Benzoate Metabolism,HMDB0000764,C05629,107
100000014,hippurate,Xenobiotics,Benzoate Metabolism,HMDB0000714,C01586,464
100000015,xanthurenate,Amino Acid,Tryptophan Metabolism,HMDB0000881,C02470,5699
100000016,suberate (C8-DC),Lipid,"Fatty Acid, Dicarboxylate",HMDB0000893,C08278,10457
100000036,3-methyl-2-oxovalerate,Amino Acid,"Leucine, Isoleucine and Valine Metabolism",HMDB0000491,"C03465,C06008,C00671",4.39286E+11
100000039,methionine sulfoxide,Amino Acid,"Methionine, Cysteine, SAM and Taurine Metabolism",HMDB0002005,C02989,158980
100000042,3-methylhistidine,Amino Acid,Histidine Metabolism,HMDB0000479,C01152,64969
100000043,4-acetamidophenylglucuronide,Xenobiotics,"Drug - Analgesics, Anesthetics",HMDB0010316,,4.02266E+11
100000054,5-hydroxylysine,Amino Acid,Lysine Metabolism,HMDB0000450,C16741,3032849
100000096,4-guanidinobutanoate,Amino Acid,Guanidino and Acetamido Metabolism,HMDB0003464,C01035,500
100000257,glucuronate,Carbohydrate,Aminosugar Metabolism,HMDB0000127,C16245,4.41478E+29
100000258,glycerol 3-phosphate,Lipid,Glycerolipid Metabolism,HMDB0000126,C0093,754
100000263,imidazole lactate,Amino Acid,Histidine Metabolism,HMDB0002320,C05568,793
100000265,kynurenine,Amino Acid,Tryptophan Metabolism,HMDB0000684,C00328,161166
100000269,glycerophosphorylcholine (GPC),Lipid,Phospholipid Metabolism,HMDB0000086,C00670,71920
100000282,N-acetylglutamate,Amino Acid,Glutamate Metabolism,HMDB0001138,C00624,70914
100000295,tartarate,Xenobiotics,Food Component/Plant,"HMDB0000956,HMDB0062642","C00552,C02107,C00898",444305875
100000299,xanthosine,Nucleotide,"Purine Metabolism, (Hypo)Xanthine/Inosine containing",HMDB0000299,C01762,64959
100000406,ribitol,Carbohydrate,Pentose Metabolism,"HMDB0002917,HMDB0001851,HMDB0000568,HMDB0000508","C00379,C01904,C00474,C00532",6912
100000409,2-isopropylmalate,Xenobiotics,Food Component/Plant,HMDB0000402,C02504,77
100000436,glycodeoxycholate,Lipid,Secondary Bile Acid Metabolism,HMDB00631,C05464,3035026
100000437,theophylline,Xenobiotics,Xanthine Metabolism,HMDB0001889,C07130,2153
100000442,quinate,Xenobiotics,Food Component/Plant,HMDB0003072,C00296,6508
100000445,theobromine,Xenobiotics,Xanthine Metabolism,HMDB0002825,C07480,5429
100000453,paraxanthine,Xenobiotics,Xanthine Metabolism,HMDB0001860,C13747,4687
100000463,indolelactate,Amino Acid,Tryptophan Metabolism,HMDB0000671,C02043,92904
100000467,3-indoxyl sulfate,Amino Acid,Tryptophan Metabolism,HMDB0000682,,10258
100000487,glycylvaline,Peptide,Dipeptide,HMDB0028854,,2724807
100000491,gamma-glutamylphenylalanine,Peptide,Gamma-glutamyl Amino Acid,HMDB0000594,,111299
100000551,4-methyl-2-oxopentanoate,Amino Acid,"Leucine, Isoleucine and Valine Metabolism",HMDB0000695,C00233,70
100000580,"1,5-anhydroglucitol (1,5-AG)",Carbohydrate,"Glycolysis, Gluconeogenesis, and Pyruvate Metabolism",HMDB0002712,C07326,64960
100000584,2-arachidonoylglycerol (20:4),Lipid,Monoacylglycerol,HMDB0004666,C13856,5282280
100000616,1-stearoyl-2-arachidonoyl-GPI (18:0/20:4),Lipid,Phosphatidylinositol (PI),HMDB0009815,,
100000626,sphingosine 1-phosphate,Lipid,Sphingosines,HMDB0000277,C06124,5283560
100000656,1-stearoyl-GPI (18:0),Lipid,Lysophospholipid,HMDB0240261,,7.15811E+15
100000657,"1,2-dipalmitoyl-GPC (16:0/16:0)",Lipid,Phosphatidylcholine (PC),HMDB0000564,D03585,452110
100000660,"1,2-distearoyl-GPC (18:0/18:0)",Lipid,Phosphatidylcholine (PC),HMDB0008036,,94190
100000665,docosahexaenoate (DHA; 22:6n3),Lipid,Long Chain Polyunsaturated Fatty Acid (n3 and n6),HMDB0002183,C06429,445580
100000672,1-myristoyl-2-palmitoyl-GPC (14:0/16:0),Lipid,Phosphatidylcholine (PC),HMDB0007869,,129657
100000673,ofloxacin,Xenobiotics,Drug - Antibiotic,HMDB0015296,"D00453,C07321,DG00616",4583
100000706,alpha-hydroxyisocaproate,Amino Acid,"Leucine, Isoleucine and Valine Metabolism","HMDB0000665,HMDB00746,HMDB0000624",C03264,8.36979E+15
100000707,maleate,Lipid,"Fatty Acid, Dicarboxylate",HMDB0000176,C01384,444266
100000708,isovalerate (i5:0),Amino Acid,"Leucine, Isoleucine and Valine Metabolism",HMDB0000718,C08262,10430
100000743,2-hydroxyoctanoate,Lipid,"Fatty Acid, Monohydroxy",HMDB0002264,,9.41807E+18
100000773,3-hydroxyoctanoate,Lipid,"Fatty Acid, Monohydroxy",HMDB0001954,C20793,26613
100000774,phenyllactate (PLA),Amino Acid,Phenylalanine Metabolism,"HMDB0000779,HMDB0000563",C05607,3848
100000776,palmitoylcarnitine (C16),Lipid,"Fatty Acid Metabolism (Acyl Carnitine, Long Chain Saturated)",HMDB0000222,C02990,461
100000781,hexanoylcarnitine (C6),Lipid,"Fatty Acid Metabolism (Acyl Carnitine, Medium Chain)",HMDB0000756,,6426853
100000787,N-acetylaspartate (NAA),Amino Acid,Alanine and Aspartate Metabolism,HMDB0000812,C01042,65065
100000792,dehydroepiandrosterone sulfate (DHEA-S),Lipid,Androgenic Steroids,HMDB0001032,C04555,12594
100000802,acetylcarnitine (C2),Lipid,"Fatty Acid Metabolism (Acyl Carnitine, Short Chain)",HMDB0000201,C02571,7045767
100000808,cysteine s-sulfate,Amino Acid,"Methionine, Cysteine, SAM and Taurine Metabolism",HMDB0000731,C05824,115015
100000827,1-palmitoylglycerol (16:0),Lipid,Monoacylglycerol,HMDB0011564,,14900
100000840,tartronate (hydroxymalonate),Xenobiotics,Food Component/Plant,HMDB0035227,C02287,45
100000841,oxalate (ethanedioate),Cofactors and Vitamins,Ascorbate and Aldarate Metabolism,HMDB0002329,C00209,971
100000846,erythritol,Xenobiotics,Food Component/Plant,HMDB0002994,C00503,222285
100000856,trizma acetate,Xenobiotics,Chemical,,C07182,16218782
100000870,saccharin,Xenobiotics,Food Component/Plant,HMDB0029723,C12283,5143
100000882,3-hydroxymyristate,Lipid,"Fatty Acid, Monohydroxy",HMDB0061656,,16064
100000924,1-oleoylglycerol (18:1),Lipid,Monoacylglycerol,HMDB0011567,,5283468
100000936,3-methyl-2-oxobutyrate,Amino Acid,"Leucine, Isoleucine and Valine Metabolism",HMDB0000019,C00141,49
100000943,2-oleoylglycerol (18:1),Lipid,Monoacylglycerol,HMDB0011537,,5319879
100000961,homoarginine,Amino Acid,Urea cycle; Arginine and Proline Metabolism,HMDB0000670,C01924,9085
100000963,homocitrulline,Amino Acid,Urea cycle; Arginine and Proline Metabolism,HMDB0000679,C02427,65072
100000987,2-linoleoylglycerol (18:2),Lipid,Monoacylglycerol,HMDB0011538,,5365676
100000989,triethanolamine,Xenobiotics,Chemical,HMDB0032538,C06771,7618
100000997,3-hydroxydecanoate,Lipid,"Fatty Acid, Monohydroxy",HMDB0002203,,26612
100001006,N-acetylglycine,Amino Acid,"Glycine, Serine and Threonine Metabolism",HMDB0000532,,10972
100001022,threonate,Cofactors and Vitamins,Ascorbate and Aldarate Metabolism,"HMDB0062620,HMDB0000943",C01620,1.51153E+12
100001033,beta-sitosterol,Lipid,Sterol,HMDB0000852,C01753,222284
100001034,indoleacetate,Amino Acid,Tryptophan Metabolism,HMDB0000197,C00954,802
100001040,1-linoleoylglycerol (18:2),Lipid,Monoacylglycerol,HMDB0011568,,5283469
100001048,2-palmitoylglycerol (16:0),Lipid,Monoacylglycerol,HMDB0011533,,123409
100001051,1-methylhistidine,Amino Acid,Histidine Metabolism,HMDB0000001,C01152,92105
100001054,butyrylcarnitine (C4),Lipid,Fatty Acid Metabolism (also BCAA Metabolism),HMDB0002013,C02862,439829
100001055,isobutyrylcarnitine (C4),Amino Acid,"Leucine, Isoleucine and Valine Metabolism",HMDB0000736,,168379
100001063,7-ketodeoxycholate,Lipid,Secondary Bile Acid Metabolism,HMDB0000391,,188292
100001073,androsterone sulfate,Lipid,Androgenic Steroids,HMDB0002759,,159663
100001081,2-pyrrolidinone,Amino Acid,Glutamate Metabolism,HMDB0002039,,12025
100001083,indolepropionate,Amino Acid,Tryptophan Metabolism,HMDB0002302,,3744
100001086,N-(2-furoyl)glycine,Xenobiotics,Food Component/Plant,HMDB0000439,,21863
100001092,trigonelline (N'-methylnicotinate),Cofactors and Vitamins,Nicotinate and Nicotinamide Metabolism,HMDB0000875,C01004,5570
100001102,dodecanedioate (C12-DC),Lipid,"Fatty Acid, Dicarboxylate",HMDB0000623,C02678,12736
100001104,N-acetyltyrosine,Amino Acid,Tyrosine Metabolism,HMDB0000866,,68310
100001106,"1,3-dimethylurate",Xenobiotics,Xanthine Metabolism,HMDB0001857,,70346
100001108,3-methylxanthine,Xenobiotics,Xanthine Metabolism,HMDB0001886,C16357,70639
100001112,3-hydroxylaurate,Lipid,"Fatty Acid, Monohydroxy",HMDB0000387,,94216
100001121,pyridoxate,Cofactors and Vitamins,Vitamin B6 Metabolism,HMDB0000017,C00847,6723
100001125,threonylphenylalanine,Peptide,Dipeptide,HMDB0029068,,7010580
100001126,gamma-glutamylvaline,Peptide,Gamma-glutamyl Amino Acid,HMDB0011172,,7015683
100001129,O-acetylhomoserine,Amino Acid,"Glycine, Serine and Threonine Metabolism",HMDB0029423,C01077,439389
100001148,5-hydroxyhexanoate,Lipid,"Fatty Acid, Monohydroxy","HMDB0000409,HMDB0000525",,170748
100001150,propionylglycine,Lipid,Fatty Acid Metabolism (also BCAA Metabolism),HMDB0000783,,98681
100001155,2-methylbutyrylglycine,Amino Acid,"Leucine, Isoleucine and Valine Metabolism",HMDB0000339,,193872
100001162,propionylcarnitine (C3),Lipid,Fatty Acid Metabolism (also BCAA Metabolism),HMDB0000824,C03017,107738
100001167,pro-hydroxy-pro,Amino Acid,Urea cycle; Arginine and Proline Metabolism,HMDB0006695,,11902893
100001170,3-hydroxy-2-ethylpropionate,Amino Acid,"Leucine, Isoleucine and Valine Metabolism",HMDB0000396,,188979
100001178,3-carboxy-4-methyl-5-propyl-2-furanpropanoate (CMPF),Lipid,"Fatty Acid, Dicarboxylate",HMDB0061112,,123979
100001181,docosapentaenoate (n3 DPA; 22:5n3),Lipid,Long Chain Polyunsaturated Fatty Acid (n3 and n6),"HMDB0006528,HMDB0001976",C16513,6441454
100001182,docosadienoate (22:2n6),Lipid,Long Chain Polyunsaturated Fatty Acid (n3 and n6),HMDB0061714,C16533,5282807
100001193,adrenate (22:4n6),Lipid,Long Chain Polyunsaturated Fatty Acid (n3 and n6),HMDB0002226,C16527,5.28284E+13
100001197,10-undecenoate (11:1n1),Lipid,Medium Chain Fatty Acid,HMDB0033724,C13910,14891
100001198,myristoleate (14:1n5),Lipid,Long Chain Monounsaturated Fatty Acid,HMDB0002000,C08322,5281119
100001208,1-methyl-4-imidazoleacetate,Amino Acid,Histidine Metabolism,HMDB0002820,C05828,75810
100001211,sebacate (C10-DC),Lipid,"Fatty Acid, Dicarboxylate",HMDB0000792,C08277,5192
100001212,guanidinosuccinate,Amino Acid,Guanidino and Acetamido Metabolism,HMDB0003157,C03139,439918
100001229,stearidonate (18:4n3),Lipid,Long Chain Polyunsaturated Fatty Acid (n3 and n6),HMDB0006547,C16300,5312508
100001232,5-dodecenoate (12:1n7),Lipid,Medium Chain Fatty Acid,HMDB0000529,,5312378
100001247,octanoylcarnitine (C8),Lipid,"Fatty Acid Metabolism (Acyl Carnitine, Medium Chain)",HMDB0000791,C02838,1.23701E+13
100001251,decanoylcarnitine (C10),Lipid,"Fatty Acid Metabolism (Acyl Carnitine, Medium Chain)",HMDB0000651,,10245190
100001254,N-acetyltryptophan,Amino Acid,Tryptophan Metabolism,HMDB0013713,C03137,4.39918E+11
100001256,N-acetylphenylalanine,Amino Acid,Phenylalanine Metabolism,HMDB0000512,C03519,74839
100001257,N-acetylasparagine,Amino Acid,Alanine and Aspartate Metabolism,HMDB0006028,,99715
100001262,gamma-glutamyl-epsilon-lysine,Peptide,Gamma-glutamyl Amino Acid,HMDB0003869,,7015685
100001263,1-palmitoyl-GPC (16:0),Lipid,Lysophospholipid,HMDB0010382,C04102,86554
100001266,N-acetylarginine,Amino Acid,Urea cycle; Arginine and Proline Metabolism,HMDB0004620,C02562,67427
100001267,piperine,Xenobiotics,Food Component/Plant,HMDB0029377,C03882,638024
100001269,campesterol,Lipid,Sterol,HMDB0002869,C01789,173183
100001270,myristoylcarnitine (C14),Lipid,"Fatty Acid Metabolism (Acyl Carnitine, Long Chain Saturated)",HMDB0005066,,6426854
100001271,1-stearoyl-GPC (18:0),Lipid,Lysophospholipid,HMDB0010384,,497300
100001272,1-oleoyl-GPC (18:1),Lipid,Lysophospholipid,HMDB0002815,C03916,16081932
100001274,N-acetylthreonine,Amino Acid,"Glycine, Serine and Threonine Metabolism",HMDB0062557,,152204
100001276,N-acetylisoleucine,Amino Acid,"Leucine, Isoleucine and Valine Metabolism",HMDB0061684,,306109
100001277,10-nonadecenoate (19:1n9),Lipid,Long Chain Monounsaturated Fatty Acid,HMDB0013622,,5312513
100001278,10-heptadecenoate (17:1n7),Lipid,Long Chain Monounsaturated Fatty Acid,HMDB0060038,,5312435
100001279,hyocholate,Lipid,Secondary Bile Acid Metabolism,HMDB0000760,C17649,92805
100001287,epiandrosterone sulfate,Lipid,Androgenic Steroids,HMDB0062657,C04555,9929317
100001293,N-acetylhistidine,Amino Acid,Histidine Metabolism,HMDB0032055,C02997,75619
100001294,gamma-glutamylglycine,Peptide,Gamma-glutamyl Amino Acid,HMDB0011667,,100099
100001295,gamma-glutamyltryptophan,Peptide,Gamma-glutamyl Amino Acid,HMDB0029160,,3989307
100001296,stachydrine,Xenobiotics,Food Component/Plant,HMDB0004827,C10172,115244
100001300,alpha-hydroxyisovalerate,Amino Acid,"Leucine, Isoleucine and Valine Metabolism",HMDB0000407,,99823
100001313,gamma-glutamylmethionine,Peptide,Gamma-glutamyl Amino Acid,HMDB0029155,,7009567
100001314,gamma-glutamylthreonine,Peptide,Gamma-glutamyl Amino Acid,HMDB0029159,,76078708
100001315,p-cresol sulfate,Xenobiotics,Benzoate Metabolism,HMDB0011635,,4615423
100001320,erythronate*,Carbohydrate,Aminosugar Metabolism,HMDB0000613,,2781043
100001322,fibrinopeptide A*,Peptide,Fibrinogen Cleavage Peptide,,,25081464
100001323,"fibrinopeptide A, des-ala(1)*",Peptide,Fibrinogen Cleavage Peptide,,,132993922
100001324,"fibrinopeptide A, phosphono-ser(3)*",Peptide,Fibrinogen Cleavage Peptide,,,132993923
100001332,salicyluric glucuronide*,Xenobiotics,"Drug - Analgesics, Anesthetics",HMDB0240252,,121596205
100001334,N-acetylproline,Amino Acid,Urea cycle; Arginine and Proline Metabolism,HMDB0094701,,322640
100001335,eicosenoate (20:1),Lipid,Long Chain Monounsaturated Fatty Acid,"HMDB0002231,HMDB0062436",C16526,5.28277E+18
100001337,linolenate [alpha or gamma; (18:3n3 or 6)],Lipid,Long Chain Polyunsaturated Fatty Acid (n3 and n6),"HMDB0003073,HMDB0001388","C06426,C06427",5.28093E+13
100001359,aconitate [cis or trans],Energy,TCA Cycle,"HMDB0000958,HMDB000072","C004174,C02341",4.44213E+11
100001385,metoprolol acid metabolite*,Xenobiotics,Drug - Cardiovascular,,,62936
100001386,heme,Cofactors and Vitamins,Hemoglobin and Porphyrin Metabolism,HMDB0003178,C00032,26945
100001391,stearoylcarnitine (C18),Lipid,"Fatty Acid Metabolism (Acyl Carnitine, Long Chain Saturated)",HMDB0000848,,3006797
100001392,laurylcarnitine (C12),Lipid,"Fatty Acid Metabolism (Acyl Carnitine, Medium Chain)",HMDB000225,,168381
100001393,isovalerylcarnitine (C5),Amino Acid,"Leucine, Isoleucine and Valine Metabolism",HMDB0000688,C20826,169235
100001395,1-linoleoyl-GPC (18:2),Lipid,Lysophospholipid,HMDB0010386,C04100,11988421
100001396,7-methylxanthine,Xenobiotics,Xanthine Metabolism,HMDB0001991,C16353,68374
100001397,"1,3,7-trimethylurate",Xenobiotics,Xanthine Metabolism,HMDB0002123,C16361,79437
100001398,"3,7-dimethylurate",Xenobiotics,Xanthine Metabolism,HMDB0001982,C16360,83126
100001399,"1,7-dimethylurate",Xenobiotics,Xanthine Metabolism,HMDB0011103,C16356,91611
100001400,1-methylurate,Xenobiotics,Xanthine Metabolism,HMDB0003099,C16359,69726
100001402,5-acetylamino-6-formylamino-3-methyluracil,Xenobiotics,Xanthine Metabolism,HMDB0011105,C16365,108214
100001403,5-acetylamino-6-amino-3-methyluracil,Xenobiotics,Xanthine Metabolism,HMDB0004400,C16366,88299
100001405,1-methylxanthine,Xenobiotics,Xanthine Metabolism,HMDB0010738,C16358,80220
100001409,N1-methylinosine,Nucleotide,"Purine Metabolism, (Hypo)Xanthine/Inosine containing",HMDB0002721,,650095
100001412,"N2,N2-dimethylguanosine",Nucleotide,"Purine Metabolism, Guanine containing",HMDB0004824,,135501639
100001413,N4-acetylcytidine,Nucleotide,"Pyrimidine Metabolism, Cytidine containing",HMDB0005923,,107461
100001415,N6-carbamoylthreonyladenosine,Nucleotide,"Purine Metabolism, Adenine containing",HMDB0041623,,161466
100001416,orotidine,Nucleotide,"Pyrimidine Metabolism, Orotate containing",HMDB0000788,,92751
100001417,phenylacetylglutamine,Peptide,Acetylated Peptides,HMDB0006344,C04148,92258
100001423,4-hydroxyhippurate,Xenobiotics,Benzoate Metabolism,HMDB0013678,,151012
100001425,"5,6-dihydrouridine",Nucleotide,"Pyrimidine Metabolism, Uracil containing",HMDB0000497,,94312
100001426,3-(3-amino-3-carboxypropyl)uridine*,Nucleotide,"Pyrimidine Metabolism, Uracil containing",,,171198
100001431,1-pentadecanoylglycerol (15:0),Lipid,Monoacylglycerol,,,190750
100001433,1-arachidonylglycerol (20:4),Lipid,Monoacylglycerol,HMDB11578,C13857,1.602E+14
100001435,1-linolenoylglycerol (18:3),Lipid,Monoacylglycerol,HMDB0011569,,53480978
100001436,3-ketosphinganine,Lipid,Sphingolipid Synthesis,HMDB01480,C02934,631
100001437,cysteine-glutathione disulfide,Amino Acid,Glutathione Metabolism,HMDB0000656,R00900,3080690
100001446,5-methyluridine (ribothymidine),Nucleotide,"Pyrimidine Metabolism, Uracil containing",HMDB0000884,,445408
100001452,isovalerylglycine,Amino Acid,"Leucine, Isoleucine and Valine Metabolism",HMDB00678,,546304
100001454,3-hydroxydodecanedioate*,Lipid,"Fatty Acid, Dicarboxylate",HMDB0000413,,16663321
100001456,7-methylguanine,Nucleotide,"Purine Metabolism, Guanine containing",HMDB0000897,C02242,135398679
100001461,1-stearoyl-GPE (18:0),Lipid,Lysophospholipid,HMDB0011130,,9547068
100001462,1-stearoyl-GPG (18:0),Lipid,Lysophospholipid,,,
100001466,3-methylcytidine,Nucleotide,"Pyrimidine Metabolism, Cytidine containing",HMDB0240577,,14237477
100001467,N2-methylguanosine,Nucleotide,"Purine Metabolism, Guanine containing",HMDB0005862,,135501934
100001468,N1-methyl-2-pyridone-5-carboxamide,Cofactors and Vitamins,Nicotinate and Nicotinamide Metabolism,HMDB0004193,C05842,69698
100001469,N1-methyl-4-pyridone-3-carboxamide,Cofactors and Vitamins,Nicotinate and Nicotinamide Metabolism,HMDB0004194,C05843,440810
100001481,1-docosahexaenoylglycerol (22:6),Lipid,Monoacylglycerol,HMDB0011587,,53480995
100001485,gamma-glutamylisoleucine*,Peptide,Gamma-glutamyl Amino Acid,HMDB0011170,,22885096
100001501,oleoylcarnitine (C18:1),Lipid,"Fatty Acid Metabolism (Acyl Carnitine, Monounsaturated)",HMDB0005065,,6441392
100001502,gamma-glutamyl-2-aminobutyrate,Peptide,Gamma-glutamyl Amino Acid,,,
100001509,2-methylbutyrylcarnitine (C5),Amino Acid,"Leucine, Isoleucine and Valine Metabolism",HMDB0000378,,6426901
100001510,phenol sulfate,Amino Acid,Tyrosine Metabolism,HMDB0060015,C02180,74426
100001511,1-palmitoleoyl-GPC (16:1)*,Lipid,Lysophospholipid,HMDB0010383,,24779461
100001538,lidocaine,Xenobiotics,"Drug - Analgesics, Anesthetics",HMDB0014426,D00358,3676
100001539,N-ethylglycinexylidide,Xenobiotics,"Drug - Analgesics, Anesthetics",HMDB0060656,C16561,24415
100001540,glutamine_degradant*,Partially Characterized Molecules,Partially Characterized Molecules,,,
100001541,2-hydroxy-3-methylvalerate,Amino Acid,"Leucine, Isoleucine and Valine Metabolism",HMDB0000317,,164623
100001550,homostachydrine*,Xenobiotics,Food Component/Plant,HMDB0033433,C08283,441447
100001551,1-arachidonoyl-GPC (20:4n6)*,Lipid,Lysophospholipid,HMDB0010395,C05208,24779476
100001561,2-palmitoleoyl-GPC (16:1)*,Lipid,Lysophospholipid,HMDB10383,,122164832
100001562,2-palmitoyl-GPC (16:0)*,Lipid,Lysophospholipid,HMDB0061702,,15061532
100001567,1-palmitoyl-GPE (16:0),Lipid,Lysophospholipid,HMDB0011503,,9547069
100001569,1-oleoyl-GPE (18:1),Lipid,Lysophospholipid,HMDB0011506,,9547071
100001570,1-linoleoyl-GPE (18:2)*,Lipid,Lysophospholipid,HMDB0011507,,52925130
100001571,1-arachidonoyl-GPE (20:4n6)*,Lipid,Lysophospholipid,HMDB0011517,,42607465
100001577,N-acetylcitrulline,Amino Acid,Urea cycle; Arginine and Proline Metabolism,HMDB0000856,"C15532,C02851",656979
100001579,2-hydroxypalmitate,Lipid,"Fatty Acid, Monohydroxy",HMDB0031057,,1.2576E+20
100001580,docosapentaenoate (n6 DPA; 22:5n6),Lipid,Long Chain Polyunsaturated Fatty Acid (n3 and n6),HMDB0001976,C16513,6441454
100001586,gulonate*,Cofactors and Vitamins,Ascorbate and Aldarate Metabolism,HMDB0003290,C00800,152304
100001590,isobutyrylglycine,Amino Acid,"Leucine, Isoleucine and Valine Metabolism",HMDB0000730,,10855600
100001593,glutarylcarnitine (C5-DC),Amino Acid,Lysine Metabolism,HMDB0013130,,71317118
100001594,beta-hydroxyisovaleroylcarnitine,Amino Acid,"Leucine, Isoleucine and Valine Metabolism",,,
100001597,tiglylcarnitine (C5:1-DC),Amino Acid,"Leucine, Isoleucine and Valine Metabolism",HMDB0002366,,22833596
100001605,catechol sulfate,Xenobiotics,Benzoate Metabolism,HMDB0059724,,3083879
100001606,cholesterol sulfate,Lipid,Sterol,HMDB00653,C18043,65076
100001609,7alpha-hydroxy-3-oxo-4-cholestenoate (7-Hoca),Lipid,Sterol,HMDB0012458,C17337,3081085
100001611,"3beta,7alpha-dihydroxy-5-cholestenoate",Lipid,Sterol,HMDB0012454,C17335,3081084
100001612,N-acetyl-aspartyl-glutamate (NAAG),Amino Acid,Glutamate Metabolism,HMDB0001067,C12270,188803
100001613,tetradecanedioate (C14-DC),Lipid,"Fatty Acid, Dicarboxylate",HMDB0000872,,13185
100001614,hexadecanedioate (C16-DC),Lipid,"Fatty Acid, Dicarboxylate",HMDB0000672,C19615,10459
100001615,octadecanedioate (C18-DC),Lipid,"Fatty Acid, Dicarboxylate",HMDB0000782,,70095
100001617,undecanedioate (C11-DC),Lipid,"Fatty Acid, Dicarboxylate",HMDB0000888,,15816
100001618,1-myristoylglycerol (14:0),Lipid,Monoacylglycerol,HMDB0011561,C01885,10957631
100001620,glycerophosphoethanolamine,Lipid,Phospholipid Metabolism,HMDB0000114,C01233,123874
100001621,glycerophosphoinositol*,Lipid,Phospholipid Metabolism,,,167572
100001624,3-(3-hydroxyphenyl)propionate,Xenobiotics,Benzoate Metabolism,HMDB0000375,C11457,91
100001635,ectoine,Xenobiotics,Chemical,HMDB0240650,C06231,126041
100001654,1-arachidonoyl-GPI (20:4)*,Lipid,Lysophospholipid,HMDB0061690,,121596217
100001655,1-palmitoyl-GPI (16:0),Lipid,Lysophospholipid,HMDB0061695,,71296207
100001657,glycolithocholate sulfate*,Lipid,Secondary Bile Acid Metabolism,HMDB0002639,C11301,72222
100001658,taurolithocholate 3-sulfate,Lipid,Secondary Bile Acid Metabolism,HMDB0002580,C03642,440071
100001662,deoxycarnitine,Lipid,Carnitine Metabolism,HMDB0001161,C01181,22620
100001664,N6-succinyladenosine,Nucleotide,"Purine Metabolism, Adenine containing",HMDB0000912,,165243
100001668,1-ribosyl-imidazoleacetate*,Amino Acid,Histidine Metabolism,HMDB0002331,C05131,440569
100001723,alpha-hydroxycaproate,Lipid,"Fatty Acid, Monohydroxy",HMDB0001624,,99824
100001730,"3,4-dihydroxybutyrate",Lipid,"Fatty Acid, Dihydroxy",HMDB0000337,,150929
100001731,indoleacetylglutamine,Amino Acid,Tryptophan Metabolism,HMDB0013240,,25200879
100001733,hexanoylglutamine,Lipid,Fatty Acid Metabolism (Acyl Glutamine),,,
100001734,N6-acetyllysine,Amino Acid,Lysine Metabolism,HMDB0000206,C02727,92832
100001739,dihomo-linolenate (20:3n3 or n6),Lipid,Long Chain Polyunsaturated Fatty Acid (n3 and n6),HMDB0002925,C03242,5280581
100001740,mannitol/sorbitol,Carbohydrate,"Fructose, Mannose and Galactose Metabolism","HMDB0000247,HMDB0000765","C00392,C00794",57806251
100001743,tryptophan betaine,Amino Acid,Tryptophan Metabolism,HMDB0061115,C09213,442106
100001755,4-vinylphenol sulfate,Xenobiotics,Benzoate Metabolism,HMDB0062775,C05627,6426766
100001756,4-ethylphenylsulfate,Xenobiotics,Benzoate Metabolism,HMDB0062551,C13637,20822574
100001757,thymol sulfate,Xenobiotics,Food Component/Plant,HMDB0062720,C09908,12456386
100001767,pyrraline,Xenobiotics,Food Component/Plant,HMDB0033143,C21013,14274616
100001777,1-oleoyl-GPI (18:1),Lipid,Lysophospholipid,HMDB0061693,,86289645
100001778,1-linoleoyl-GPI (18:2)*,Lipid,Lysophospholipid,HMDB0240597,,11124828
100001791,2-hydroxyacetaminophen sulfate*,Xenobiotics,"Drug - Analgesics, Anesthetics",HMDB0062547,,86290013
100001793,2-methoxyacetaminophen sulfate*,Xenobiotics,"Drug - Analgesics, Anesthetics",HMDB0062550,,86290014
100001795,2-methoxyacetaminophen glucuronide*,Xenobiotics,"Drug - Analgesics, Anesthetics",HMDB0240215,,121596203
100001797,3-(cystein-S-yl)acetaminophen*,Xenobiotics,"Drug - Analgesics, Anesthetics",HMDB0240217,,171264
100001805,methylphosphate,Nucleotide,Purine and Pyrimidine Metabolism,HMDB61711,,13130
100001806,o-cresol sulfate,Xenobiotics,Benzoate Metabolism,HMDB0011635,,11615528
100001810,dimethylarginine (SDMA + ADMA),Amino Acid,Urea cycle; Arginine and Proline Metabolism,"HMDB0003334,HMDB0001539","C21189,C03626",1.23831E+11
100001843,gamma-glutamylalanine,Peptide,Gamma-glutamyl Amino Acid,HMDB0029142,C03738,440103
100001851,N-acetylserine,Amino Acid,"Glycine, Serine and Threonine Metabolism",HMDB0002931,,65249
100001856,1-stearoyl-2-oleoyl-GPE (18:0/18:1),Lipid,Phosphatidylethanolamine (PE),HMDB0008993,,9546742
100001868,4-allylphenol sulfate,Xenobiotics,Food Component/Plant,,,66633409
100001869,1-stearoyl-2-arachidonoyl-GPC (18:0/20:4),Lipid,Phosphatidylcholine (PC),HMDB0008048,,16219824
100001870,1-palmitoyl-2-linoleoyl-GPE (16:0/18:2),Lipid,Phosphatidylethanolamine (PE),HMDB0005322,,9546747
100001876,sphinganine-1-phosphate,Lipid,Sphingolipid Synthesis,HMDB0001383,,520
100001878,glycosyl-N-nervonoyl-sphingosine (d18:1/24:1)*,Lipid,Hexosylceramides (HCER),"HMDB0004975,HMDB0010712",,2.00574E+15
100001882,glycosyl-N-stearoyl-sphingosine (d18:1/18:0),Lipid,Hexosylceramides (HCER),,,
100001948,succinylcarnitine (C4-DC),Energy,TCA Cycle,HMDB0061717,,71464481
100001950,"bilirubin (E,E)*",Cofactors and Vitamins,Hemoglobin and Porphyrin Metabolism,HMDB0240584,,129320511
100001951,"bilirubin (E,Z or Z,E)*",Cofactors and Vitamins,Hemoglobin and Porphyrin Metabolism,HMDB0000488,C00486,5799469
100001956,N-methylproline,Amino Acid,Urea cycle; Arginine and Proline Metabolism,HMDB0094696,,643474
100001977,beta-cryptoxanthin,Cofactors and Vitamins,Vitamin A Metabolism,HMDB0033844,C08591,5281235
100001987,"5alpha-androstan-3beta,17beta-diol disulfate",Lipid,Androgenic Steroids,HMDB00493,C12525,90186325
100001988,"5alpha-pregnan-3beta,20alpha-diol disulfate",Lipid,Progestin Steroids,HMDB0094650,,118703093
100001989,glycocholenate sulfate*,Lipid,Secondary Bile Acid Metabolism,,,
100001990,taurocholenate sulfate*,Lipid,Secondary Bile Acid Metabolism,,,
100001992,"androstenediol (3beta,17beta) disulfate (1)",Lipid,Androgenic Steroids,HMDB0240313,C04295,87120982
100001993,pregnenediol disulfate (C21H34O8S2)*,Lipid,Pregnenolone Steroids,,,
100001994,"androstenediol (3beta,17beta) disulfate (2)",Lipid,Androgenic Steroids,HMDB0240313,,87120982
100001999,21-hydroxypregnenolone disulfate,Lipid,Pregnenolone Steroids,,,134595
100002009,"5alpha-pregnan-3beta,20beta-diol monosulfate (1)",Lipid,Progestin Steroids,HMDB0240580,,
100002014,"5alpha-pregnan-3beta,20alpha-diol monosulfate (2)",Lipid,Progestin Steroids,,,
100002015,5alpha-pregnan-diol disulfate,Lipid,Progestin Steroids,"HMDB0240581,HMDB0240582",,3.08228E+13
100002017,"5alpha-androstan-3alpha,17beta-diol disulfate",Lipid,Androgenic Steroids,HMDB0094682,,56639109
100002018,"5alpha-androstan-3alpha,17beta-diol monosulfate (1)",Lipid,Androgenic Steroids,,,1.21596E+17
100002021,"5alpha-androstan-3beta,17alpha-diol disulfate",Lipid,Androgenic Steroids,HMDB0094682,,56639109
100002026,"androstenediol (3alpha, 17alpha) monosulfate (2)",Lipid,Androgenic Steroids,,,
100002027,"androstenediol (3alpha, 17alpha) monosulfate (3)",Lipid,Androgenic Steroids,,,
100002028,"androstenediol (3beta,17beta) monosulfate (1)",Lipid,Androgenic Steroids,HMDB0240429,,1.29671E+16
100002029,"androstenediol (3beta,17beta) monosulfate (2)",Lipid,Androgenic Steroids,"HMDB0240429,HMDB0186954",,
100002067,pregnenediol sulfate (C21H34O5S)*,Lipid,Pregnenolone Steroids,HMDB0000774,C18044,105074
100002070,2-hydroxyglutarate,Lipid,"Fatty Acid, Dicarboxylate",HMDB0059655,C02630,43
100002094,gamma-CEHC,Cofactors and Vitamins,Tocopherol Metabolism,HMDB0001931,,133098
100002102,N-acetyl-beta-alanine,Nucleotide,"Pyrimidine Metabolism, Uracil containing",HMDB0061880,C01073,76406
100002103,5-methylthioribose**,Amino Acid,"Methionine, Cysteine, SAM and Taurine Metabolism",HMDB0001087,,6419710
100002106,"sphingomyelin (d18:1/18:1, d18:2/18:0)",Lipid,Sphingomyelins,HMDB0012101,,6443882
100002107,palmitoyl sphingomyelin (d18:1/16:0),Lipid,Sphingomyelins,HMDB0010169,,9939941
100002113,cysteine sulfinic acid,Amino Acid,"Methionine, Cysteine, SAM and Taurine Metabolism",HMDB0000996,C00606,109
100002122,3-hydroxyhippurate,Xenobiotics,Benzoate Metabolism,HMDB0006116,,450268
100002126,16alpha-hydroxy DHEA 3-sulfate,Lipid,Androgenic Steroids,HMDB0062544,,20848950
100002129,pregnenolone sulfate,Lipid,Pregnenolone Steroids,HMDB0000774,C18044,105074
100002132,"N1,N12-diacetylspermine",Amino Acid,Polyamine Metabolism,HMDB0002172,C03413,132680
100002154,ergothioneine,Xenobiotics,Food Component/Plant,HMDB0003045,C05570,5351619
100002167,12-HETE,Lipid,Eicosanoid,HMDB0006111,C14777,5283155
100002183,S-methylmethionine,Amino Acid,"Methionine, Cysteine, SAM and Taurine Metabolism",HMDB0038670,C05319,458
100002196,13-HODE + 9-HODE,Lipid,"Fatty Acid, Monohydroxy","HMDB0004670,HMDB0004667","C14767,C14762",5.31283E+31
100002199,tridecenedioate (C13:1-DC)*,Lipid,"Fatty Acid, Dicarboxylate",,,
100002204,N-acetyl-3-methylhistidine*,Amino Acid,Histidine Metabolism,HMDB0240341,,193270
100002227,4-cholesten-3-one,Lipid,Sterol,HMDB0000921,C00599,91477
100002259,cis-4-decenoylcarnitine (C10:1),Lipid,"Fatty Acid Metabolism (Acyl Carnitine, Monounsaturated)",HMDB0013205,,57357170
100002284,"2S,3R-dihydroxybutyrate",Lipid,"Fatty Acid, Dihydroxy",HMDB0002453,,10964471
100002356,(16 or 17)-methylstearate (a19:0 or i19:0),Lipid,"Fatty Acid, Branched",HMDB0037397,,3083779
100002367,"2R,3R-dihydroxybutyrate",Lipid,"Fatty Acid, Dihydroxy",HMDB0000498,,13120901
100002376,dexpanthenol,Xenobiotics,Chemical,HMDB0004231,D03726,4678
100002397,alpha-ketoglutaramate*,Amino Acid,Glutamate Metabolism,HMDB0001552,C00940,48
100002417,"2,3-dihydroxyisovalerate",Xenobiotics,Food Component/Plant,HMDB0012141,C04039,677
100002458,3-methylglutaconate,Amino Acid,"Leucine, Isoleucine and Valine Metabolism",HMDB0000522,,1551553
100002462,5-(galactosylhydroxy)-lysine,Amino Acid,Lysine Metabolism,,,66995551
100002466,cysteinylglycine disulfide*,Amino Acid,Glutathione Metabolism,HMDB0000709,,22833544
100002488,isoursodeoxycholate,Lipid,Secondary Bile Acid Metabolism,HMDB0000686,C17662,127601
100002500,formiminoglutamate,Amino Acid,Histidine Metabolism,HMDB0000854,C00439,439233
100002514,hydantoin-5-propionate,Amino Acid,Histidine Metabolism,HMDB0001212,C05565,782
100002528,sulfate*,Xenobiotics,Chemical,HMDB01448,C00059,5152822
100002544,4-hydroxyglutamate,Amino Acid,Glutamate Metabolism,HMDB0001344,C03079,439902
100002613,pantoate,Cofactors and Vitamins,Pantothenate and CoA Metabolism,HMDB0240389,C00522,5289105
100002725,omeprazole,Xenobiotics,Drug - Gastrointestinal,HMDB0001913,C07324,4594
100002732,diphenhydramine,Xenobiotics,Drug - Respiratory,HMDB0001927,C06960,3100
100002735,ranitidine,Xenobiotics,Drug - Gastrointestinal,HMDB0001930,D00422,3001055
100002749,S-methylcysteine,Amino Acid,"Methionine, Cysteine, SAM and Taurine Metabolism",HMDB0002108,,2.44177E+16
100002761,androsterone glucuronide,Lipid,Androgenic Steroids,HMDB0002829,C11135,114833
100002769,argininate*,Amino Acid,Urea cycle; Arginine and Proline Metabolism,HMDB0003148,,160437
100002784,2-oxoarginine*,Amino Acid,Urea cycle; Arginine and Proline Metabolism,HMDB0004225,C03771,558
100002796,cis-4-decenoate (10:1n6)*,Lipid,Medium Chain Fatty Acid,HMDB0004980,,5282726
100002806,gabapentin,Xenobiotics,Drug - Neurological,HMDB0005015,D00332,3446
100002807,venlafaxine,Xenobiotics,Drug - Psychoactive,HMDB0005016,C07187,5656
100002808,pantoprazole,Xenobiotics,Drug - Gastrointestinal,HMDB0005017,C11806,4679
100002873,1-lignoceroyl-GPC (24:0),Lipid,Lysophospholipid,HMDB0010405,,24779481
100002875,1-(1-enyl-palmitoyl)-GPC (P-16:0)*,Lipid,Lysoplasmalogen,HMDB0010407,,10917802
100002910,1-methyl-5-imidazoleacetate,Amino Acid,Histidine Metabolism,HMDB04988,,6451814
100002911,glycoursodeoxycholate,Lipid,Secondary Bile Acid Metabolism,HMDB0000708,,12310288
100002912,tauroursodeoxycholate,Lipid,Secondary Bile Acid Metabolism,HMDB0000874,,9848818
100002927,S-methylcysteine sulfoxide,Amino Acid,"Methionine, Cysteine, SAM and Taurine Metabolism",HMDB0029432,,82142
100002945,(14 or 15)-methylpalmitate (a17:0 or i17:0),Lipid,"Fatty Acid, Branched",HMDB0061859,C16995,8.18118E+11
100002951,eicosanedioate (C20-DC),Lipid,"Fatty Acid, Dicarboxylate",,,75502
100002952,docosadioate (C22-DC),Lipid,"Fatty Acid, Dicarboxylate",,C14240,7641
100002953,16-hydroxypalmitate,Lipid,"Fatty Acid, Monohydroxy",HMDB0006294,C18218,10466
100002989,oleoyl-linoleoyl-glycerol (18:1/18:2) [1],Lipid,Diacylglycerol,HMDB0007219,,14275396
100002990,oleoyl-linoleoyl-glycerol (18:1/18:2) [2],Lipid,Diacylglycerol,HMDB0007219,,71433693
100003000,1-(1-enyl-palmitoyl)-GPE (P-16:0)*,Lipid,Lysoplasmalogen,HMDB0011152,,
100003001,1-(1-enyl-stearoyl)-GPE (P-18:0)*,Lipid,Lysoplasmalogen,HMDB0240598,,
100003009,doxycycline,Xenobiotics,Drug - Antibiotic,HMDB0014399,D00307,54671203
100003119,N-oleoyltaurine,Lipid,Endocannabinoid,,,6437033
100003151,linoleoylcarnitine (C18:2)*,Lipid,"Fatty Acid Metabolism (Acyl Carnitine, Polyunsaturated)",HMDB0006469,,6450015
100003179,leucylalanine,Peptide,Dipeptide,HMDB0028922,,81721
100003258,2-O-methylascorbic acid,Cofactors and Vitamins,Ascorbate and Aldarate Metabolism,HMDB0240294,,54726398
100003260,carboxyethyl-GABA,Amino Acid,Glutamate Metabolism,HMDB0002201,,2572
100003271,beta-citrylglutamate,Amino Acid,Glutamate Metabolism,,C20775,189741
100003397,trimethylamine N-oxide,Lipid,Phospholipid Metabolism,HMDB0000925,C01104,1145
100003415,N6-methyllysine,Amino Acid,Lysine Metabolism,HMDB0002038,C02728,164795
100003425,cis-urocanate,Amino Acid,Histidine Metabolism,HMDB0034174,,1549103
100003432,dihydroferulate,Xenobiotics,Food Component/Plant,HMDB0062121,,14340
100003434,imidazole propionate,Amino Acid,Histidine Metabolism,HMDB0002271,,70630
100003444,citalopram/escitalopram,Xenobiotics,Drug - Psychoactive,HMDB0005028,D07913,146570
100003470,pregnanediol-3-glucuronide,Lipid,Progestin Steroids,HMDB0010318,,123796
100003473,alliin,Xenobiotics,Food Component/Plant,HMDB0033592,C08265,87310
100003674,prolylglycine,Peptide,Dipeptide,HMDB0011178,,6426709
100003686,N-palmitoylglycine,Lipid,Fatty Acid Metabolism (Acyl Glycine),HMDB0013034,,151008
100003695,mannonate*,Xenobiotics,Food Component/Plant,,,3246006
100003892,lanthionine,Amino Acid,"Methionine, Cysteine, SAM and Taurine Metabolism",,,98504
100003901,2-stearoyl-GPE (18:0)*,Lipid,Lysophospholipid,HMDB0011129,,9.06585E+15
100003926,(R)-3-hydroxybutyrylcarnitine,Lipid,"Fatty Acid Metabolism (Acyl Carnitine, Hydroxy)",HMDB0013127,,53481617
100004046,N-acetylcarnosine,Amino Acid,Histidine Metabolism,HMDB0012881,,9903482
100004054,margaroylcarnitine (C17)*,Lipid,"Fatty Acid Metabolism (Acyl Carnitine, Long Chain Saturated)",HMDB0006210,,53477803
100004059,histidine betaine (hercynine)*,Xenobiotics,Food Component/Plant,HMDB0029422,,3083620
100004083,glycohyocholate,Lipid,Secondary Bile Acid Metabolism,HMDB0000138,,71361462
100004084,taurohyocholate*,Lipid,Secondary Bile Acid Metabolism,HMDB0011637,C15516,11954195
100004088,retinal,Cofactors and Vitamins,Vitamin A Metabolism,HMDB0001358,C00376,638015
100004089,2-hydroxydecanoate,Lipid,"Fatty Acid, Monohydroxy",HMDB0094656,,21488
100004111,4-methylcatechol sulfate,Xenobiotics,Benzoate Metabolism,HMDB0240459,,54104170
100004112,3-methyl catechol sulfate (1),Xenobiotics,Benzoate Metabolism,,,118431379
100004173,O-desmethylvenlafaxine,Xenobiotics,Drug - Psychoactive,HMDB0015646,D07793,125017
100004208,guaiacol sulfate,Xenobiotics,Benzoate Metabolism,HMDB0060013,,22473
100004227,2-aminooctanoate,Lipid,"Fatty Acid, Amino",HMDB0000991,,69522
100004243,gamma-CEHC glucuronide*,Cofactors and Vitamins,Tocopherol Metabolism,,,121596235
100004284,dimethyl sulfone,Xenobiotics,Chemical,HMDB0004983,C11142,6213
100004295,2-piperidinone,Xenobiotics,Food Component/Plant,HMDB0011749,,12665
100004299,N-acetyl-1-methylhistidine*,Amino Acid,Histidine Metabolism,HMDB0240340,,53859791
100004318,indolin-2-one,Xenobiotics,Food Component/Plant,,C12312,321710
100004321,"2,8-quinolinediol sulfate",Xenobiotics,Food Component/Plant,HMDB0240658,,
100004322,2-aminophenol sulfate,Xenobiotics,Food Component/Plant,HMDB0061116,,181670
100004328,"sphingomyelin (d18:1/14:0, d16:1/16:0)*",Lipid,Sphingomyelins,HMDB0012097,,11433862
100004329,"sphingomyelin (d18:2/16:0, d18:1/16:1)*",Lipid,Sphingomyelins,"HMDB0240638,HMDB0240613",,
100004396,3-hydroxyadipate,Lipid,"Fatty Acid, Dicarboxylate",HMDB0000345,,151913
100004499,6-oxopiperidine-2-carboxylate,Amino Acid,Lysine Metabolism,HMDB0061705,,3014237
100004509,S-allylcysteine,Xenobiotics,Food Component/Plant,HMDB0034323,,98280
100004523,N-delta-acetylornithine,Amino Acid,Urea cycle; Arginine and Proline Metabolism,HMDB0003357,C00437,9920500
100004541,acisoga,Amino Acid,Polyamine Metabolism,HMDB0061384,,129397
100004542,2-aminoheptanoate,Lipid,"Fatty Acid, Amino",HMDB0094649,,227939
100004561,N-formylanthranilic acid,Amino Acid,Tryptophan Metabolism,HMDB0004089,C05653,101399
100004635,methionine sulfone,Amino Acid,"Methionine, Cysteine, SAM and Taurine Metabolism",HMDB0062174,,69961
100005350,1-linolenoyl-GPC (18:3)*,Lipid,Lysophospholipid,HMDB0010388,C04100,
100005367,N-acetylalliin,Xenobiotics,Food Component/Plant,,,
100005372,1-(1-enyl-oleoyl)-GPE (P-18:1)*,Lipid,Lysoplasmalogen,,,
100005373,fructosyllysine,Amino Acid,Lysine Metabolism,HMDB0034879,,9839580
100005383,N-methylpipecolate,Xenobiotics,Bacterial/Fungal,,,11286529
100005384,O-sulfo-tyrosine,Xenobiotics,Chemical,HMDB0155722,,514186
100005403,etiocholanolone glucuronide,Lipid,Androgenic Steroids,HMDB0004484,,270605
100005418,17alpha-hydroxypregnanolone glucuronide,Lipid,Pregnenolone Steroids,,,
100005466,N-acetyltaurine,Amino Acid,"Methionine, Cysteine, SAM and Taurine Metabolism",HMDB0240253,,159864
100005717,1-palmitoyl-GPG (16:0)*,Lipid,Lysophospholipid,HMDB0240601,,3300276
100005850,3-methylglutarylcarnitine (2),Amino Acid,"Leucine, Isoleucine and Valine Metabolism",HMDB0000552,,128145
100005864,methyl glucopyranoside (alpha + beta),Xenobiotics,Food Component/Plant,HMDB0029965,,4.45238E+16
100005946,2-keto-3-deoxy-gluconate,Xenobiotics,Food Component/Plant,HMDB0001353,C00204,161227
100005985,"sphingomyelin (d18:2/14:0, d18:1/14:1)*",Lipid,Sphingomyelins,"HMDB0240637,HMDB0240612",,
100005986,"sphingomyelin (d18:1/24:1, d18:2/24:0)*",Lipid,Sphingomyelins,HMDB0012107,,44260126
100005996,octadecenedioylcarnitine (C18:1-DC)*,Lipid,"Fatty Acid Metabolism (Acyl Carnitine, Dicarboxylate)",,,
100005998,octadecanedioylcarnitine (C18-DC)*,Lipid,"Fatty Acid Metabolism (Acyl Carnitine, Dicarboxylate)",,,
100006005,"5alpha-androstan-3alpha,17beta-diol monosulfate (2)",Lipid,Androgenic Steroids,,,121596225
100006051,myristoleoylcarnitine (C14:1)*,Lipid,"Fatty Acid Metabolism (Acyl Carnitine, Monounsaturated)",HMDB0240588,,129691961
100006056,N-formylphenylalanine,Amino Acid,Tyrosine Metabolism,HMDB0240317,,7.59257E+12
100006082,4-hydroxychlorothalonil,Xenobiotics,Chemical,HMDB0240624,,34217
100006092,tyramine O-sulfate,Amino Acid,Tyrosine Metabolism,HMDB0006409,,153005
100006098,3-hydroxypyridine sulfate,Xenobiotics,Chemical,,,
100006108,phenylacetylcarnitine,Peptide,Acetylated Peptides,,,101724840
100006115,arabonate/xylonate,Carbohydrate,Pentose Metabolism,HMDB0000539,"C00502,C05411",1.22046E+12
100006116,methyl-4-hydroxybenzoate sulfate,Xenobiotics,Benzoate Metabolism,HMDB0041646,,10657183
100006121,1-dihomo-linolenylglycerol (20:3),Lipid,Monoacylglycerol,HMDB0011577,,
100006125,vanillic alcohol sulfate,Amino Acid,Tyrosine Metabolism,HMDB0041788,,
100006126,4-vinylguaiacol sulfate,Xenobiotics,Food Component/Plant,HMDB0127980,,53803570
100006129,vanillactate,Amino Acid,Tyrosine Metabolism,HMDB0000913,,160637
100006190,2-acetamidophenol sulfate,Xenobiotics,Food Component/Plant,,,181671
100006191,p-cresol glucuronide*,Amino Acid,Tyrosine Metabolism,HMDB0011686,,154035
100006203,acesulfame,Xenobiotics,Food Component/Plant,HMDB0033585,,36573
100006205,propyl 4-hydroxybenzoate,Xenobiotics,Benzoate Metabolism,HMDB0032574,D01422,7175
100006260,6-hydroxyindole sulfate,Xenobiotics,Chemical,HMDB0000682,,122198196
100006264,propyl 4-hydroxybenzoate sulfate,Xenobiotics,Benzoate Metabolism,HMDB0135261,,131838881
100006290,"sphingomyelin (d18:1/20:0, d16:1/22:0)*",Lipid,Sphingomyelins,HMDB0012102,,44260124
100006292,"sphingomyelin (d18:1/20:1, d18:2/20:0)*",Lipid,Sphingomyelins,"HMDB0240610,HMDB0240632",,
100006293,"sphingomyelin (d18:1/20:2, d18:2/20:1, d16:1/22:2)*",Lipid,Sphingomyelins,,,
100006294,behenoyl sphingomyelin (d18:1/22:0)*,Lipid,Sphingomyelins,HMDB0012103,,44260125
100006295,"sphingomyelin (d18:1/22:1, d18:2/22:0, d16:1/24:1)*",Lipid,Sphingomyelins,HMDB0012104,,
100006296,"sphingomyelin (d18:1/22:2, d18:2/22:1, d16:1/24:2)*",Lipid,Sphingomyelins,"HMDB0240670,HMDB0240672,HMDB0240669",,
100006298,lignoceroyl sphingomyelin (d18:1/24:0),Lipid,Sphingomyelins,HMDB0011697,,
100006314,"sphingomyelin (d17:1/16:0, d18:1/15:0, d16:1/17:0)*",Lipid,Sphingomyelins,"HMDB0240617,HMDB0240608",,
100006360,dopamine 4-sulfate,Amino Acid,Tyrosine Metabolism,HMDB0004148,C13691,68517194
100006361,dopamine 3-O-sulfate,Amino Acid,Tyrosine Metabolism,HMDB0006275,C13690,122136
100006367,3-hydroxyhexanoate,Lipid,"Fatty Acid, Monohydroxy","HMDB0061652,HMDB0010718",,151492
100006369,N-carbamoylalanine,Amino Acid,Alanine and Aspartate Metabolism,,,426409
100006370,3beta-hydroxy-5-cholestenoate,Lipid,Sterol,HMDB0012453,C17333,165511
100006374,"1,2,3-benzenetriol sulfate (2)",Xenobiotics,Chemical,"HMDB0060018,HMDB0060016",,9.20137E+15
100006375,3-methoxycatechol sulfate (1),Xenobiotics,Benzoate Metabolism,,,129892430
100006378,N-acetylkynurenine (2),Amino Acid,Tryptophan Metabolism,HMDB0240342,,73817779
100006379,C-glycosyltryptophan,Amino Acid,Tryptophan Metabolism,HMDB0240296,,10981970
100006381,tramadol,Xenobiotics,"Drug - Analgesics, Anesthetics",HMDB0014339,C07153,33741
100006384,N-desmethyl tramadol,Xenobiotics,"Drug - Analgesics, Anesthetics",HMDB0061007,,12149038
100006430,arabitol/xylitol,Carbohydrate,Pentose Metabolism,"HMDB0001851,HMDB0000568,HMDB0002917","C00379,C00542,C01904",941546912
100006435,N-acetylglucosamine/N-acetylgalactosamine,Carbohydrate,Aminosugar Metabolism,"HMDB0000212,HMDB0000215",C01074,43917484265
100006438,citraconate/glutaconate,Energy,TCA Cycle,"HMDB0000634,HMDB0000620","C02226,C02214",5.2805E+12
100006614,adipoylcarnitine (C6-DC),Lipid,"Fatty Acid Metabolism (Acyl Carnitine, Dicarboxylate)",HMDB0061677,,71296139
100006619,4-hydroxyphenylacetoylcarnitine,Amino Acid,Tyrosine Metabolism,,,
100006620,nonanoylcarnitine (C9),Lipid,"Fatty Acid Metabolism (Acyl Carnitine, Medium Chain)",HMDB0013288,,91825642
100006627,suberoylcarnitine (C8-DC),Lipid,"Fatty Acid Metabolism (Acyl Carnitine, Dicarboxylate)",,,
100006641,glycochenodeoxycholate 3-sulfate,Lipid,Primary Bile Acid Metabolism,"HMDB0002409,HMDB0002496,HMDB0002497",,2.11169E+23
100006642,glycodeoxycholate 3-sulfate,Lipid,Secondary Bile Acid Metabolism,,,101602538
100006644,taurodeoxycholic acid 3-sulfate,Lipid,Secondary Bile Acid Metabolism,,,
100006651,"trans-3,4-methyleneheptanoate",Xenobiotics,Food Component/Plant,,,
100006726,linoleoyl ethanolamide,Lipid,Endocannabinoid,HMDB0012252,,5283446
100008903,"1,2-dilinoleoyl-GPC (18:2/18:2)",Lipid,Phosphatidylcholine (PC),HMDB0008138,,5288075
100008904,1-stearoyl-2-oleoyl-GPC (18:0/18:1),Lipid,Phosphatidylcholine (PC),HMDB0008038,,24778825
100008914,1-palmitoyl-2-arachidonoyl-GPC (16:0/20:4n6),Lipid,Phosphatidylcholine (PC),HMDB0007982,C05208,10747814
100008915,1-palmitoyl-2-docosahexaenoyl-GPC (16:0/22:6),Lipid,Phosphatidylcholine (PC),HMDB0007991,,6441886
100008916,1-stearoyl-2-docosahexaenoyl-GPC (18:0/22:6),Lipid,Phosphatidylcholine (PC),HMDB0008057,,24778876
100008919,1-(1-enyl-stearoyl)-2-oleoyl-GPE (P-18:0/18:1),Lipid,Plasmalogen,HMDB0011375,,42607457
100008920,"sphingomyelin (d18:1/17:0, d17:1/18:0, d19:1/16:0)",Lipid,Sphingomyelins,"HMDB0240620,HMDB0240609,HMDB0240622",,46891763
100008921,1-palmitoyl-2-stearoyl-GPC (16:0/18:0),Lipid,Phosphatidylcholine (PC),HMDB0007970,C03889,24778686
100008928,2-hydroxybutyrate/2-hydroxyisobutyrate,Amino Acid,Glutathione Metabolism,"HMDB0000729,HMDB00008","C21297,C05984",4.40864E+12
100008929,2-methylcitrate/homocitrate,Energy,TCA Cycle,"HMDB0003518,HMDB0000379",C01251,439459515
100008930,oleate/vaccenate (18:1),Lipid,Long Chain Monounsaturated Fatty Acid,"HMDB0003231,HMDB0000573,HMDB0240219,HMDB0000207","C21944,C08367,C01712,C00712",5.28276E+25
100008933,3-hydroxystearate,Lipid,"Fatty Acid, Monohydroxy",HMDB10737,,5282907
100008934,2-hydroxylaurate,Lipid,"Fatty Acid, Monohydroxy",,,97783
100008943,pregabalin,Xenobiotics,Drug - Neurological,HMDB0014375,,5486971
100008952,1-palmitoleoylglycerol (16:1)*,Lipid,Monoacylglycerol,HMDB0011565,,
100008953,2-palmitoleoylglycerol (16:1)*,Lipid,Monoacylglycerol,HMDB0011534,,53480960
100008954,palmitoyl dihydrosphingomyelin (d18:0/16:0)*,Lipid,Dihydrosphingomyelins,HMDB0010168,,9939965
100008955,tricosanoyl sphingomyelin (d18:1/23:0)*,Lipid,Sphingomyelins,HMDB0012105,,
100008956,"sphingomyelin (d18:2/23:0, d18:1/23:1, d17:1/24:1)*",Lipid,Sphingomyelins,"HMDB0240634,HMDB0011696,HMDB0240614",,134757653
100008957,"sphingomyelin (d18:2/24:1, d18:1/24:2)*",Lipid,Sphingomyelins,"HMDB0240636,HMDB0240615",,85336023
100008976,1-stearoyl-2-linoleoyl-GPE (18:0/18:2)*,Lipid,Phosphatidylethanolamine (PE),HMDB0008994,,9546749
100008977,1-stearoyl-2-arachidonoyl-GPE (18:0/20:4),Lipid,Phosphatidylethanolamine (PE),HMDB0009003,C05210,5289133
100008980,1-stearoyl-2-linoleoyl-GPC (18:0/18:2)*,Lipid,Phosphatidylcholine (PC),HMDB0008039,,6441487
100008984,1-palmitoyl-2-palmitoleoyl-GPC (16:0/16:1)*,Lipid,Phosphatidylcholine (PC),HMDB0007969,,6443788
100008985,1-palmitoyl-2-dihomo-linolenoyl-GPC (16:0/20:3n3 or 6)*,Lipid,Phosphatidylcholine (PC),,,
100008990,1-palmitoyl-2-arachidonoyl-GPE (16:0/20:4)*,Lipid,Phosphatidylethanolamine (PE),HMDB0005323,C05210,9546800
100008991,1-palmitoyl-2-docosahexaenoyl-GPE (16:0/22:6)*,Lipid,Phosphatidylethanolamine (PE),HMDB0008946,,9546799
100008992,1-stearoyl-2-docosahexaenoyl-GPE (18:0/22:6)*,Lipid,Phosphatidylethanolamine (PE),HMDB0009012,,9546798
100008993,1-palmitoyl-2-arachidonoyl-GPI (16:0/20:4)*,Lipid,Phosphatidylinositol (PI),HMDB0009789,,
100008994,1-stearoyl-2-linoleoyl-GPI (18:0/18:2),Lipid,Phosphatidylinositol (PI),HMDB0009809,,
100008998,gamma-tocopherol/beta-tocopherol,Cofactors and Vitamins,Tocopherol Metabolism,"HMDB0006335,HMDB0001492","C14152,C02483",
100008999,1-(1-enyl-stearoyl)-2-arachidonoyl-GPE (P-18:0/20:4)*,Lipid,Plasmalogen,HMDB0005779,,9547058
100009002,1-(1-enyl-palmitoyl)-2-arachidonoyl-GPE (P-16:0/20:4)*,Lipid,Plasmalogen,HMDB0011352,,52925126
100009005,1-(1-enyl-palmitoyl)-2-oleoyl-GPE (P-16:0/18:1)*,Lipid,Plasmalogen,HMDB0011342,,52925128
100009007,1-(1-enyl-palmitoyl)-2-oleoyl-GPC (P-16:0/18:1)*,Lipid,Plasmalogen,HMDB0007996,,34779384
100009009,1-(1-enyl-palmitoyl)-2-linoleoyl-GPC (P-16:0/18:2)*,Lipid,Plasmalogen,HMDB0011211,,24779386
100009014,1-(1-enyl-palmitoyl)-2-arachidonoyl-GPC (P-16:0/20:4)*,Lipid,Plasmalogen,HMDB0011220,,
100009025,"sphingomyelin (d18:1/21:0, d17:1/22:0, d16:1/23:0)*",Lipid,Sphingomyelins,"HMDB0240619,HMDB0240611,HMDB0240621",,
100009026,behenoyl dihydrosphingomyelin (d18:0/22:0)*,Lipid,Dihydrosphingomyelins,HMDB0012091,,44260132
100009027,"sphingomyelin (d18:0/18:0, d19:0/17:0)*",Lipid,Dihydrosphingomyelins,HMDB0012087,,44260130
100009028,N-palmitoyl-sphinganine (d18:0/16:0),Lipid,Dihydroceramides,HMDB11760,,5283572
100009030,lactosyl-N-palmitoyl-sphingosine (d18:1/16:0),Lipid,Lactosylceramides (LCER),HMDB0006750,,53477895
100009034,cetirizine,Xenobiotics,Drug - Respiratory,HMDB0005032,C07778,2678
100009038,myristoyl dihydrosphingomyelin (d18:0/14:0)*,Lipid,Dihydrosphingomyelins,HMDB0012085,,44260138
100009045,phenylacetylglutamate,Peptide,Acetylated Peptides,HMDB0059772,,11579826
100009052,palmitoyl-linoleoyl-glycerol (16:0/18:2) [1]*,Lipid,Diacylglycerol,HMDB0007103,,9543695
100009055,palmitoyl-linoleoyl-glycerol (16:0/18:2) [2]*,Lipid,Diacylglycerol,HMDB0007103,,131801744
100009066,1-palmitoyl-2-oleoyl-GPI (16:0/18:1)*,Lipid,Phosphatidylinositol (PI),HMDB0009783,,71296232
100009069,1-(1-enyl-palmitoyl)-2-linoleoyl-GPE (P-16:0/18:2)*,Lipid,Plasmalogen,HMDB0011343,,52925127
100009078,1-oleoyl-2-linoleoyl-GPE (18:1/18:2)*,Lipid,Phosphatidylethanolamine (PE),HMDB0005349,,9546753
100009082,1-linoleoyl-GPA (18:2)*,Lipid,Lysophospholipid,HMDB0007856,,
100009130,1-oleoyl-2-docosahexaenoyl-GPC (18:1/22:6)*,Lipid,Phosphatidylcholine (PC),HMDB0008123,,24778955
100009131,1-linoleoyl-2-arachidonoyl-GPC (18:2/20:4n6)*,Lipid,Phosphatidylcholine (PC),HMDB0008147,C05208,24778979
100009139,1-myristoyl-2-arachidonoyl-GPC (14:0/20:4)*,Lipid,Phosphatidylcholine (PC),HMDB0007883,,24778634
100009160,1-(1-enyl-palmitoyl)-2-palmitoleoyl-GPC (P-16:0/16:1)*,Lipid,Plasmalogen,HMDB0011207,,52923882
100009162,1-(1-enyl-palmitoyl)-2-palmitoyl-GPC (P-16:0/16:0)*,Lipid,Plasmalogen,HMDB0011206,,11146967
100009181,1-stearoyl-2-oleoyl-GPI (18:0/18:1)*,Lipid,Phosphatidylinositol (PI),HMDB0240667,,
100009204,"1,2-dipalmitoyl-GPE (16:0/16:0)*",Lipid,Phosphatidylethanolamine (PE),HMDB0008923,,445468
100009217,"1,2-dilinoleoyl-GPE (18:2/18:2)*",Lipid,Phosphatidylethanolamine (PE),HMDB0009093,,9546812
100009219,1-oleoyl-2-arachidonoyl-GPE (18:1/20:4)*,Lipid,Phosphatidylethanolamine (PE),HMDB0009069,,348281223
100009225,1-(1-enyl-stearoyl)-2-linoleoyl-GPE (P-18:0/18:2)*,Lipid,Plasmalogen,HMDB0011376,,
100009227,1-linoleoyl-GPG (18:2)*,Lipid,Lysophospholipid,HMDB0240600,,
100009231,gamma-glutamylserine,Peptide,Gamma-glutamyl Amino Acid,HMDB0029158,,22844748
100009232,thioproline,Xenobiotics,Chemical,HMDB0062164,,93176
100009233,palmitoylcholine,Lipid,Fatty Acid Metabolism (Acyl Choline),HMDB0240592,,151731
100009264,glycochenodeoxycholate glucuronide (1),Lipid,Primary Bile Acid Metabolism,HMDB0002579,,44263370
100009271,(S)-3-hydroxybutyrylcarnitine,Lipid,"Fatty Acid Metabolism (Acyl Carnitine, Hydroxy)",HMDB0013127,,71464477
100009272,glycosyl-N-palmitoyl-sphingosine (d18:1/16:0),Lipid,Hexosylceramides (HCER),,,
100009327,sulfamethoxazole,Xenobiotics,Drug - Antibiotic,HMDB0015150,D00447,5329
100009329,ascorbic acid 2-sulfate,Cofactors and Vitamins,Ascorbate and Aldarate Metabolism,HMDB0060649,,54676864
100009331,oleoylcholine,Lipid,Fatty Acid Metabolism (Acyl Choline),HMDB0240596,,59040790
100009332,arachidonoylcholine,Lipid,Fatty Acid Metabolism (Acyl Choline),HMDB0240583,,122198216
100009333,docosahexaenoylcholine,Lipid,Fatty Acid Metabolism (Acyl Choline),HMDB0240647,,
100009335,dihomo-linolenoyl-choline,Lipid,Fatty Acid Metabolism (Acyl Choline),HMDB0240646,,
100009337,caffeic acid sulfate,Xenobiotics,Food Component/Plant,HMDB0041708,,21668705
100009343,1-linoleoyl-2-linolenoyl-GPC (18:2/18:3)*,Lipid,Phosphatidylcholine (PC),HMDB0008141,,52922731
100009345,1-palmitoleoyl-2-linolenoyl-GPC (16:1/18:3)*,Lipid,Phosphatidylcholine (PC),HMDB0008008,,52922452
100009394,hexadecadienoate (16:2n6),Lipid,Long Chain Polyunsaturated Fatty Acid (n3 and n6),HMDB0000477,,13932172
100009406,palmitoleoylcarnitine (C16:1)*,Lipid,"Fatty Acid Metabolism (Acyl Carnitine, Monounsaturated)",HMDB0013207,,71464547
100010850,4-hydroxyphenylacetylglutamine,Peptide,Acetylated Peptides,,,
100010895,2'-O-methylcytidine,Nucleotide,"Pyrimidine Metabolism, Cytidine containing",,,150971
100010896,2'-O-methyluridine,Nucleotide,"Pyrimidine Metabolism, Uracil containing",HMDB0240328,,102212
100010901,gamma-glutamyl-alpha-lysine,Peptide,Gamma-glutamyl Amino Acid,,,65254
100010917,palmitoyl-oleoyl-glycerol (16:0/18:1) [2]*,Lipid,Diacylglycerol,HMDB0007102,C13861,5282283
100010918,oleoyl-oleoyl-glycerol (18:1/18:1) [1]*,Lipid,Diacylglycerol,HMDB0007218,,9543716
100010919,oleoyl-oleoyl-glycerol (18:1/18:1) [2]*,Lipid,Diacylglycerol,HMDB0007218,,9543716
100010922,linoleoyl-arachidonoyl-glycerol (18:2/20:4) [1]*,Lipid,Diacylglycerol,HMDB0007257,,9543796
100010923,linoleoyl-arachidonoyl-glycerol (18:2/20:4) [2]*,Lipid,Diacylglycerol,HMDB0007257,,9543796
100010924,palmitoyl-arachidonoyl-glycerol (16:0/20:4) [1]*,Lipid,Diacylglycerol,HMDB0007112,,9543736
100010925,palmitoyl-arachidonoyl-glycerol (16:0/20:4) [2]*,Lipid,Diacylglycerol,HMDB0007112,,9543736
100010926,linoleoyl-linolenoyl-glycerol (18:2/18:3) [1]*,Lipid,Diacylglycerol,HMDB0007249,,14275409
100010927,linoleoyl-linolenoyl-glycerol (18:2/18:3) [2]*,Lipid,Diacylglycerol,HMDB0007250,,9543737
100010930,palmitoleoyl-linoleoyl-glycerol (16:1/18:2) [1]*,Lipid,Diacylglycerol,HMDB0007132,,9543699
100010936,oleoyl-arachidonoyl-glycerol (18:1/20:4) [1]*,Lipid,Diacylglycerol,HMDB0007228,,9543786
100010937,oleoyl-arachidonoyl-glycerol (18:1/20:4) [2]*,Lipid,Diacylglycerol,HMDB0007228,,9543786
100010940,"diacylglycerol (16:1/18:2 [2], 16:0/18:3 [1])*",Lipid,Diacylglycerol,,,
100010941,linoleoyl-linoleoyl-glycerol (18:2/18:2) [1]*,Lipid,Diacylglycerol,HMDB0007248,,9543729
100010942,linoleoyl-linoleoyl-glycerol (18:2/18:2) [2]*,Lipid,Diacylglycerol,HMDB0007248,,9543729
100010949,stearoyl-arachidonoyl-glycerol (18:0/20:4) [1]*,Lipid,Diacylglycerol,HMDB0007170,C00165,6438587
100010950,stearoyl-arachidonoyl-glycerol (18:0/20:4) [2]*,Lipid,Diacylglycerol,HMDB0007170,,6438587
100010955,perfluorooctanesulfonate (PFOS),Xenobiotics,Chemical,HMDB0059586,C18142,74483
100015609,N-palmitoyl-sphingadienine (d18:2/16:0)*,Lipid,Ceramides,HMDB0240686,,
100015620,lactosyl-N-nervonoyl-sphingosine (d18:1/24:1)*,Lipid,Lactosylceramides (LCER),HMDB0004872,,
100015623,lactosyl-N-behenoyl-sphingosine (d18:1/22:0)*,Lipid,Lactosylceramides (LCER),HMDB0011594,,44260143
100015624,N-behenoyl-sphingadienine (d18:2/22:0)*,Lipid,Ceramides,,,
100015625,glycosyl-N-behenoyl-sphingadienine (d18:2/22:0)*,Lipid,Hexosylceramides (HCER),,,
100015632,N-stearoyl-sphingadienine (d18:2/18:0)*,Lipid,Ceramides,HMDB0240362,,132282053
100015637,2-hydroxybehenate,Lipid,"Fatty Acid, Monohydroxy",HMDB0061660,,193484
100015638,2-hydroxynervonate*,Lipid,"Fatty Acid, Monohydroxy",,,5312783
100015640,N-palmitoylserine,Lipid,Endocannabinoid,,,6453686
100015641,N-oleoylserine,Lipid,Endocannabinoid,,,44190514
100015666,glycerophosphoserine*,Lipid,Phospholipid Metabolism,,,3081457
100015681,palmitoleoyl-arachidonoyl-glycerol (16:1/20:4) [2]*,Lipid,Diacylglycerol,,,
100015723,hexadecasphingosine (d16:1)*,Lipid,Sphingosines,,,14767871
100015727,"ceramide (d16:1/24:1, d18:1/22:1)*",Lipid,Ceramides,,,
100015731,N-palmitoyl-heptadecasphingosine (d17:1/16:0)*,Lipid,Ceramides,HMDB0240685,,
100015735,"ceramide (d18:1/14:0, d16:1/16:0)*",Lipid,Ceramides,"HMDB0240681,HMDB0011773",,
100015737,"ceramide (d18:1/17:0, d17:1/18:0)*",Lipid,Ceramides,"HMDB0240683,HMDB0240678",,
100015744,"ceramide (d18:2/24:1, d18:1/24:2)*",Lipid,Ceramides,"HMDB0240679,HMDB0240680",,
100015745,"glycosyl ceramide (d18:2/24:1, d18:1/24:2)*",Lipid,Hexosylceramides (HCER),,,
100015751,"glycosyl ceramide (d18:1/23:1, d17:1/24:1)*",Lipid,Hexosylceramides (HCER),,,
100015752,glycosyl-N-(2-hydroxynervonoyl)-sphingosine (d18:1/24:1(2OH))*,Lipid,Hexosylceramides (HCER),,,
100015755,"ceramide (d18:1/20:0, d16:1/22:0, d20:1/18:0)*",Lipid,Ceramides,"HMDB0240684,HMDB0240682,HMDB0004951",,
100015759,stearoylcholine*,Lipid,Fatty Acid Metabolism (Acyl Choline),HMDB0240648,,90111
100015760,linoleoylcholine*,Lipid,Fatty Acid Metabolism (Acyl Choline),HMDB0013213,,53481656
100015776,ondansetron,Xenobiotics,Drug - Gastrointestinal,HMDB0005035,C07325,4595
100015782,metoclopramide,Xenobiotics,Drug - Gastrointestinal,HMDB0015363,"C07868,D00726,
DG00055",4168
100015783,trazadone,Xenobiotics,Drug - Psychoactive,HMDB0014794,"C07156,D08626",5533
100015786,"sphingomyelin (d18:0/20:0, d16:0/22:0)*",Lipid,Dihydrosphingomyelins,HMDB0012090,,
100015787,"sphingomyelin (d18:1/19:0, d19:1/18:0)*",Lipid,Sphingomyelins,,,
100015788,sphingomyelin (d18:2/18:1)*,Lipid,Sphingomyelins,HMDB0001348,,52931155
100015789,sphingomyelin (d18:2/24:2)*,Lipid,Sphingomyelins,HMDB0240644,,
100015790,"sphingomyelin (d18:2/21:0, d16:2/23:0)*",Lipid,Sphingomyelins,HMDB0240676,,
100015791,sphingomyelin (d18:2/23:1)*,Lipid,Sphingomyelins,HMDB0240668,,
100015792,"sphingomyelin (d18:1/25:0, d19:0/24:1, d20:1/23:0, d19:1/24:0)*",Lipid,Sphingomyelins,"HMDB0240675,HMDB0240674,HMDB0240673,HMDB0240671",,
100015793,"sphingomyelin (d17:2/16:0, d18:2/15:0)*",Lipid,Sphingomyelins,HMDB0240677,,
100015834,lignoceroylcarnitine (C24)*,Lipid,"Fatty Acid Metabolism (Acyl Carnitine, Long Chain Saturated)",HMDB0240665,,
100015835,cerotoylcarnitine (C26)*,Lipid,"Fatty Acid Metabolism (Acyl Carnitine, Long Chain Saturated)",HMDB0006347,,53477828
100015836,ximenoylcarnitine (C26:1)*,Lipid,"Fatty Acid Metabolism (Acyl Carnitine, Monounsaturated)",,,
100015837,arachidonoylcarnitine (C20:4),Lipid,"Fatty Acid Metabolism (Acyl Carnitine, Polyunsaturated)",HMDB0006455,,136212424
100015838,eicosenoylcarnitine (C20:1)*,Lipid,"Fatty Acid Metabolism (Acyl Carnitine, Monounsaturated)",,,
100015845,docosahexaenoylcarnitine (C22:6)*,Lipid,"Fatty Acid Metabolism (Acyl Carnitine, Polyunsaturated)",,,
100015846,nervonoylcarnitine (C24:1)*,Lipid,"Fatty Acid Metabolism (Acyl Carnitine, Monounsaturated)",HMDB0006509,,
100015876,clindamycin,Xenobiotics,Drug - Antibiotic,HMDB0015321,"DG00435,C06914,D00277",446598
100015878,metronidazole,Xenobiotics,Drug - Antibiotic,HMDB0015052,"DG00006,C07203,D00409",4173
100015879,linezolid,Xenobiotics,Drug - Antibiotic,HMDB0014739,"D00947,C08146",441401
100015882,"glycosyl ceramide (d18:1/20:0, d16:1/22:0)*",Lipid,Hexosylceramides (HCER),,,
100015962,"N,N,N-trimethyl-5-aminovalerate",Amino Acid,Lysine Metabolism,,,14274897
100015966,carotene diol (1),Cofactors and Vitamins,Vitamin A Metabolism,,,
100015967,carotene diol (2),Cofactors and Vitamins,Vitamin A Metabolism,,,
100015968,carotene diol (3),Cofactors and Vitamins,Vitamin A Metabolism,,,
100015971,cortolone glucuronide (1),Lipid,Corticosteroids,,,
100015972,fluconazole,Xenobiotics,Drug - Antibiotic,HMDB0014342,C07002,3365
100016069,5-dodecenoylcarnitine (C12:1),Lipid,"Fatty Acid Metabolism (Acyl Carnitine, Monounsaturated)",HMDB13326,,91825571
100019794,hydroxy-CMPF*,Lipid,"Fatty Acid, Dicarboxylate",,,
100019801,3-hydroxyoleoylcarnitine,Lipid,"Fatty Acid Metabolism (Acyl Carnitine, Hydroxy)",,,129637446
100019892,2-hydroxyarachidate*,Lipid,"Fatty Acid, Monohydroxy",,,5225199
100019957,N-stearoylserine*,Lipid,Endocannabinoid,,,
100019960,2-hydroxyheptanoate*,Lipid,"Fatty Acid, Monohydroxy",,,2750949
100019972,dodecenedioate (C12:1-DC)*,Lipid,"Fatty Acid, Dicarboxylate",HMDB0000933,,5283028
100019975,hexadecenedioate (C16:1-DC)*,Lipid,"Fatty Acid, Dicarboxylate",,,
100019978,octadecenedioate (C18:1-DC),Lipid,"Fatty Acid, Dicarboxylate",,,9543674
100019981,heptenedioate (C7:1-DC)*,Lipid,"Fatty Acid, Dicarboxylate",,,
100019982,octadecadienedioate (C18:2-DC)*,Lipid,"Fatty Acid, Dicarboxylate",,,
100020004,3-carboxy-4-methyl-5-pentyl-2-furanpropionate (3-CMPFP)**,Lipid,"Fatty Acid, Dicarboxylate",HMDB0061643,,194501
100020014,glucuronide of C10H18O2 (7)*,Partially Characterized Molecules,Partially Characterized Molecules,,,
100020203,3-hydroxystachydrine*,Xenobiotics,Food Component/Plant,,C10151,46173781
100020204,N-acetyl-2-aminooctanoate*,Lipid,"Fatty Acid, Amino",HMDB0059745,,95555
100020205,hydroxyasparagine**,Amino Acid,Alanine and Aspartate Metabolism,HMDB32332,C20631,15991574
100020208,perfluorooctanoate (PFOA),Xenobiotics,Chemical,HMDB0059587,,9554
100020211,3-hydroxybutyroylglycine**,Lipid,Fatty Acid Metabolism (Acyl Glycine),,,
100020215,N-methylhydroxyproline**,Amino Acid,Urea cycle; Arginine and Proline Metabolism,,,9860390
100020217,"N,N,N-trimethyl-alanylproline betaine (TMAP)",Amino Acid,Urea cycle; Arginine and Proline Metabolism,HMDB0240365,,
100020219,3-formylindole,Xenobiotics,Food Component/Plant,HMDB29737,C08493,10256
100020241,gamma-glutamylcitrulline*,Peptide,Gamma-glutamyl Amino Acid,,,
100020243,N4-acetylsulfamethoxazole*,Xenobiotics,Drug - Antibiotic,HMDB0013854,"D01601,C13061",65280
100020253,glycine conjugate of C10H12O2*,Partially Characterized Molecules,Partially Characterized Molecules,,,
100020254,glycine conjugate of C10H14O2 (1)*,Partially Characterized Molecules,Partially Characterized Molecules,,,
100020259,glutamine conjugate of C7H12O2*,Partially Characterized Molecules,Partially Characterized Molecules,,,
100020261,glutamine conjugate of C6H10O2 (1)*,Partially Characterized Molecules,Partially Characterized Molecules,,,
100020262,glutamine conjugate of C6H10O2 (2)*,Partially Characterized Molecules,Partially Characterized Molecules,,,
100020274,fibrinopeptide A (5-16)*,Peptide,Fibrinogen Cleavage Peptide,,,
100020275,fibrinopeptide A (7-16)*,Peptide,Fibrinogen Cleavage Peptide,,,
100020276,"sphingomyelin (d17:1/14:0, d16:1/15:0)*",Lipid,Sphingomyelins,,,
100020343,tetradecadienoate (14:2)*,Lipid,Long Chain Polyunsaturated Fatty Acid (n3 and n6),HMDB0000560,,5312409
100020351,N-carbamoylvaline,Amino Acid,"Leucine, Isoleucine and Valine Metabolism",,,448879
100020360,8-methoxykynurenate,Amino Acid,Tryptophan Metabolism,HMDB0060426,C05830,76230
100020361,3-amino-2-piperidone,Amino Acid,Urea cycle; Arginine and Proline Metabolism,HMDB0000323,,5200225
100020371,"N,N-dimethylalanine",Amino Acid,Alanine and Aspartate Metabolism,,,5488191
100020372,3-indoleglyoxylic acid,Xenobiotics,Food Component/Plant,,,73863
100020377,ethyl beta-glucopyranoside,Xenobiotics,Food Component/Plant,HMDB0029968,,121667
100020378,2-hydroxysebacate,Lipid,"Fatty Acid, Dicarboxylate",HMDB0000424,,128458
100020409,ascorbic acid 3-sulfate*,Cofactors and Vitamins,Ascorbate and Aldarate Metabolism,,,11425365
100020414,6-bromotryptophan,Amino Acid,Tryptophan Metabolism,,,9856996
100020416,delta-CEHC,Cofactors and Vitamins,Tocopherol Metabolism,,,35027084
100020417,"N6,N6-dimethyllysine",Amino Acid,Lysine Metabolism,HMDB0013287,C05545,193344
100020478,dodecadienoate (12:2)*,Lipid,"Fatty Acid, Dicarboxylate",,,25480
100020479,indoleacetoylcarnitine*,Amino Acid,Tryptophan Metabolism,,,
100020487,N-acetyl-isoputreanine,Amino Acid,Polyamine Metabolism,,,131802901
100020492,glucuronide of piperine metabolite C17H21NO3 (4)*,Xenobiotics,Food Component/Plant,,,
100020496,sulfate of piperine metabolite C16H19NO3 (2)*,Xenobiotics,Food Component/Plant,,,
100020497,sulfate of piperine metabolite C16H19NO3 (3)*,Xenobiotics,Food Component/Plant,,,
100020536,4-ethylcatechol sulfate,Xenobiotics,Benzoate Metabolism,,,
100020541,11beta-hydroxyandrosterone glucuronide,Lipid,Androgenic Steroids,HMDB0010351,,
100020545,"N2-acetyl,N6,N6-dimethyllysine",Amino Acid,Lysine Metabolism,,,
100020546,"N2-acetyl,N6-methyllysine",Amino Acid,Lysine Metabolism,,,
100020550,deoxycholic acid glucuronide,Lipid,Secondary Bile Acid Metabolism,,,
100020578,4-allylcatechol sulfate,Xenobiotics,Benzoate Metabolism,,,
100020769,1-heptadecenoylglycerol (17:1)*,Lipid,Monoacylglycerol,,,
100020790,desmethylcitalopram*,Xenobiotics,Drug - Psychoactive,HMDB0014021,C16608,162180
100020793,citalopram propionate*,Xenobiotics,Drug - Psychoactive,HMDB60463,C16610,10403174
100020796,4-hydroxy duloxetine glucuronide*,Xenobiotics,Drug - Psychoactive,HMDB0060763,,29981512
100020798,5-hydroxy-6-methoxy duloxetine sulfate*,Xenobiotics,Drug - Psychoactive,,,
100020810,ranitidine N-oxide*,Xenobiotics,Drug - Gastrointestinal,,,62985
100020819,glycoursodeoxycholic acid sulfate (1),Lipid,Secondary Bile Acid Metabolism,,,
100020820,glycoursodeoxycholic acid sulfate (2),Lipid,Secondary Bile Acid Metabolism,,,
100020822,dihydrocaffeate sulfate (2),Xenobiotics,Food Component/Plant,,,
100020823,lithocholate sulfate (1),Lipid,Secondary Bile Acid Metabolism,,,451489
100020825,3-hydroxyhexanoylcarnitine (1),Lipid,"Fatty Acid Metabolism (Acyl Carnitine, Hydroxy)",,,
100020827,3-(methylthio)acetaminophen sulfate*,Xenobiotics,"Drug - Analgesics, Anesthetics",,,
100020833,2-ketocaprylate,Amino Acid,"Leucine, Isoleucine and Valine Metabolism",HMDB13211,,67600
100020837,"2,6-dihydroxybenzoic acid",Xenobiotics,Drug - Topical Agents,HMDB0013676,,9338
100020842,"N,N-dimethyl-5-aminovalerate",Amino Acid,Lysine Metabolism,,,
100020844,tauroursodeoxycholic acid sulfate (1),Lipid,Secondary Bile Acid Metabolism,,,
100020868,trimethoprim,Xenobiotics,Drug - Antibiotic,HMDB0014583,"C01965,D00145",5578
100020893,"2,3-dihydroxy-5-methylthio-4-pentenoate (DMTPA)*",Amino Acid,"Methionine, Cysteine, SAM and Taurine Metabolism",HMDB0240388,,
100020901,fibrinopeptide A (3-15)**,Peptide,Fibrinogen Cleavage Peptide,,,25078015
100020902,fibrinopeptide A (2-15)**,Peptide,Fibrinogen Cleavage Peptide,,,25078015
100020903,fibrinopeptide A (3-16)**,Peptide,Fibrinogen Cleavage Peptide,,,25078015
100020904,fibrinopeptide A (4-15)**,Peptide,Fibrinogen Cleavage Peptide,,,25078015
100020905,fibrinopeptide A (8-16)**,Peptide,Fibrinogen Cleavage Peptide,,,25078015
100020906,tamsulosin,Xenobiotics,Drug - Antineoplastic,HMDB0014844,"D08560,C07124",129211
100020908,fibrinopeptide B (1-13)**,Peptide,Fibrinogen Cleavage Peptide,,,
100020910,fibrinopeptide B (1-12)**,Peptide,Fibrinogen Cleavage Peptide,,,16132131
100020912,fibrinopeptide B (1-11)**,Peptide,Fibrinogen Cleavage Peptide,,,16132131
100020913,fibrinopeptide B (1-9)**,Peptide,Fibrinogen Cleavage Peptide,,,16132131
100020973,5-hydroxy-2-methylpyridine sulfate,Xenobiotics,Chemical,,,
100020975,3-hydroxy-2-methylpyridine sulfate,Xenobiotics,Chemical,,,
100021000,hydroxypalmitoyl sphingomyelin (d18:1/16:0(OH))**,Lipid,Sphingomyelins,,,
100021060,2-acrylamidoglycolic acid,Xenobiotics,Chemical,,,92230
100021093,taurochenodeoxycholic acid 3-sulfate,Lipid,Secondary Bile Acid Metabolism,HMDB0002486,,52931550
100021100,tetradecadienedioate (C14:2-DC)*,Lipid,"Fatty Acid, Dicarboxylate",,,86018718
100021103,pregnenetriol sulfate*,Lipid,Pregnenolone Steroids,,,129671303
100021104,pregnenetriol disulfate*,Lipid,Pregnenolone Steroids,,,
100021105,eicosenedioate (C20:1-DC)*,Lipid,"Fatty Acid, Dicarboxylate",,,
100021107,glu-gly-asn-val**,Peptide,Polypeptide,,,
100021123,"hydroxy-N6,N6,N6-trimethyllysine*",Amino Acid,Lysine Metabolism,,,
100021131,undecenoylcarnitine (C11:1),Lipid,"Fatty Acid Metabolism (Acyl Carnitine, Monounsaturated)",,,
100021136,3-decenoylcarnitine,Lipid,"Fatty Acid Metabolism (Acyl Carnitine, Monounsaturated)",,,
100021141,3-hydroxydecanoylcarnitine,Lipid,"Fatty Acid Metabolism (Acyl Carnitine, Hydroxy)",HMDB0061636,,121454166
100021162,palmitoyl-sphingosine-phosphoethanolamine (d18:1/16:0),Lipid,Ceramide PEs,,,
100021198,picolinoylglycine,Lipid,Fatty Acid Metabolism (Acyl Glycine),HMDB0059766,,11788622
100021208,4-vinylcatechol sulfate,Xenobiotics,Benzoate Metabolism,,,
100021220,succinoyltaurine,Amino Acid,"Methionine, Cysteine, SAM and Taurine Metabolism",,,
100021324,"3,5-dichloro-2,6-dihydroxybenzoic acid",Xenobiotics,Chemical,,,24721632
100021331,metabolonic lactone sulfate,Partially Characterized Molecules,Partially Characterized Molecules,,,
100021363,vanillic acid glycine,Xenobiotics,Food Component/Plant,HMDB0060026,,3083688
100021372,2-hydroxy-4-(methylthio)butanoic acid,Amino Acid,"Methionine, Cysteine, SAM and Taurine Metabolism",HMDB0037115,,11427
100021374,branched chain 14:0 dicarboxylic acid**,Lipid,"Fatty Acid, Dicarboxylate",,,
100021467,pentose acid*,Partially Characterized Molecules,Partially Characterized Molecules,HMDB0000892,C00803,7991
100021478,1-methyl-5-imidazolelactate,Amino Acid,Histidine Metabolism,,,
100021502,(2 or 3)-decenoate (10:1n7 or n8),Lipid,Medium Chain Fatty Acid,,,
100021530,S-carboxyethylcysteine,Amino Acid,"Methionine, Cysteine, SAM and Taurine Metabolism",,,
100021566,voriconazole,Xenobiotics,Drug - Antibiotic,,,5231054
100021650,chenodeoxycholic acid sulfate (1),Lipid,Primary Bile Acid Metabolism,HMDB0002522,,21252308
100021666,"branched-chain, straight-chain, or cyclopropyl 10:1 fatty acid (1)*",Partially Characterized Molecules,Partially Characterized Molecules,,,
100021667,"branched-chain, straight-chain, or cyclopropyl 10:1 fatty acid (2)*",Partially Characterized Molecules,Partially Characterized Molecules,,,
100021707,"3-bromo-5-chloro-2,6-dihydroxybenzoic acid*",Xenobiotics,Chemical,,,134581543
100021711,decadienedioic acid (C10:2-DC)**,Lipid,"Fatty Acid, Dicarboxylate",,,17789717
100021712,deoxycholic acid 12-sulfate*,Lipid,Secondary Bile Acid Metabolism,,,
100021726,GlcNAc sulfate conjugate of C21H34O2 steroid**,Partially Characterized Molecules,Partially Characterized Molecules,,,
100021727,"cis-3,4-methyleneheptanoate",Lipid,"Fatty Acid, Branched",,,
100021728,"cis-3,4-methyleneheptanoylcarnitine",Lipid,"Fatty Acid Metabolism (Acyl Carnitine, Medium Chain)",,,
100021760,N-acetyl-2-aminoadipate,Amino Acid,Lysine Metabolism,,C12986,443992
100021782,De(carboxymethoxy) cetirizine acetic acid,Xenobiotics,Drug - Respiratory,,,
100021784,4-chlorobenzoic acid,Xenobiotics,Chemical,,C02370,6318
100021839,2-methoxyhydroquinone sulfate (1),Xenobiotics,Benzoate Metabolism,,,
100021918,"2,4-di-tert-butylphenol",Xenobiotics,Chemical,,,
100021990,3-hydroxyoctanoylcarnitine (1),Lipid,"Fatty Acid Metabolism (Acyl Carnitine, Hydroxy)",,,
100021991,3-hydroxyoctanoylcarnitine (2),Lipid,"Fatty Acid Metabolism (Acyl Carnitine, Hydroxy)",,,
100021992,"cis-3,4-methyleneheptanoylglycine",Lipid,Fatty Acid Metabolism (Acyl Glycine),,,
100022003,"bilirubin degradation product, C16H18N2O5 (1)**",Partially Characterized Molecules,Partially Characterized Molecules,,,
100022004,"bilirubin degradation product, C16H18N2O5 (2)**",Partially Characterized Molecules,Partially Characterized Molecules,,,
100022005,"bilirubin degradation product, C17H18N2O4 (1)**",Partially Characterized Molecules,Partially Characterized Molecules,,,
100022006,"bilirubin degradation product, C17H18N2O4 (2)**",Partially Characterized Molecules,Partially Characterized Molecules,,,
100022007,"bilirubin degradation product, C17H18N2O4 (3)**",Partially Characterized Molecules,Partially Characterized Molecules,,,
100022008,"bilirubin degradation product, C17H20N2O5 (1)**",Partially Characterized Molecules,Partially Characterized Molecules,,,
100022009,"bilirubin degradation product, C17H20N2O5 (2)**",Partially Characterized Molecules,Partially Characterized Molecules,,,
100022013,tetrahydrocortisol glucuronide,Lipid,Corticosteroids,,,
100022014,"bilirubin degradation product, C16H18N2O5 (3)**",Partially Characterized Molecules,Partially Characterized Molecules,,,
100022015,"bilirubin degradation product, C16H18N2O5 (4)**",Partially Characterized Molecules,Partially Characterized Molecules,,,
100022041,"N,N-dimethyl-pro-pro",Peptide,Modified Peptides,,,
100022120,oxindolylalanine,Amino Acid,Tryptophan Metabolism,,,20977764
100022127,tetrahydrocortisone glucuronide (5),Lipid,Corticosteroids,,,
